"ph","om","clay","sand","silt","bd","hb","n","alpha","ksat","lambda","theta_r","theta_s","subject","longitude","latitude"
6.33439493179321,0.552173495292664,16.033332824707,24.2472972869873,48.1253662109375,1.15427041053772,0.337677836418152,1.32879269123077,-0.338869392871857,0.337194532155991,0.312406182289124,0.0582987405359745,0.564426302909851,1,-77.9491,42.9486
5.67285823822021,0.459657520055771,12.2071504592896,31.3577003479004,39.2007789611816,1.19190573692322,0.313704550266266,1.3551025390625,-0.307890653610229,0.2925865650177,0.326666653156281,0.0534849986433983,0.550224304199219,2,-78.3109,43.0905
6.17430400848389,0.556335270404816,16.9535675048828,24.9858512878418,48.0809631347656,1.1442244052887,0.339271903038025,1.33310127258301,-0.346328109502792,0.314591348171234,0.314561605453491,0.0575957223773003,0.568217277526855,3,-77.9497,42.916
6.12836170196533,0.494248032569885,13.3591003417969,32.8529434204102,41.6178207397461,1.1819099187851,0.296249359846115,1.35727024078369,-0.289278745651245,0.331879854202271,0.332450240850449,0.0525475703179836,0.553996324539185,4,-77.9499,42.9171
6.01327610015869,0.521933615207672,13.9398822784424,32.3939666748047,40.6611328125,1.19632709026337,0.289070606231689,1.35142683982849,-0.282634139060974,0.343612611293793,0.328086316585541,0.054678950458765,0.548555791378021,5,-77.967,42.9488
6.20507335662842,0.612941443920135,21.346529006958,13.7632102966309,51.8935546875,1.06822443008423,0.354406952857971,1.31376707553864,-0.353867202997208,0.129292905330658,0.30001026391983,0.0598773136734962,0.596896469593048,6,-78.4526,43.0962
5.9131555557251,0.480043888092041,12.0631732940674,34.845100402832,40.575122833252,1.17849612236023,0.219700872898102,1.375244140625,-0.219608217477798,0.459572494029999,0.33342981338501,0.0510252416133881,0.55528450012207,7,-78.2526,43.0146
5.8822193145752,0.508616805076599,13.2906074523926,30.2224922180176,41.917236328125,1.15868890285492,0.300807058811188,1.35044038295746,-0.291780829429626,0.355402737855911,0.327111691236496,0.0538525693118572,0.562758922576904,8,-78.0022,42.9354
5.9131555557251,0.480043888092041,12.0631732940674,34.845100402832,40.575122833252,1.17849612236023,0.219700872898102,1.375244140625,-0.219608217477798,0.459572494029999,0.33342981338501,0.0510252416133881,0.55528450012207,9,-78.2526,43.0146
6.19988679885864,0.696309864521027,11.6730213165283,24.5927734375,34.9847640991211,1.27575898170471,0.411173760890961,1.34719777107239,-0.411718755960464,0.533143699169159,0.326834321022034,0.0481380000710487,0.518581509590149,10,-78.3122,43.0743
6.08132743835449,0.534687221050262,14.2441625595093,25.7379531860352,45.076171875,1.1908016204834,0.299736976623535,1.34400045871735,-0.294168293476105,0.289017051458359,0.322796195745468,0.0547339841723442,0.550640940666199,11,-78.3095,43.0865
6.17152786254883,0.607656240463257,22.8395309448242,14.3917064666748,51.2341156005859,1.09147202968597,0.361513137817383,1.30942988395691,-0.361502408981323,0.126966178417206,0.295864284038544,0.0626432746648788,0.588123798370361,12,-78.4508,43.0963
6.3553466796875,0.794307947158813,17.625,20.9340171813965,46.509765625,1.27332019805908,0.482089757919312,1.30723547935486,-0.477399796247482,0.422336220741272,0.297524452209473,0.0621865876019001,0.519501805305481,13,-78.2757,42.9999
6.3553466796875,0.794307947158813,17.625,20.9340171813965,46.509765625,1.27332019805908,0.482089757919312,1.30723547935486,-0.477399796247482,0.422336220741272,0.297524452209473,0.0621865876019001,0.519501805305481,14,-78.2757,42.9999
6.19781589508057,0.556857347488403,17.4073181152344,22.0058822631836,47.7419509887695,1.1417692899704,0.323603808879852,1.32931292057037,-0.319256365299225,0.237949281930923,0.312310934066772,0.0563643425703049,0.569143712520599,15,-78.3808,43.0835
5.94900321960449,0.532629311084747,12.9897155761719,31.2544021606445,47.7777252197266,1.17330718040466,0.305066764354706,1.3533935546875,-0.304868549108505,0.362699329853058,0.329157561063766,0.052622564136982,0.557242572307587,16,-78.3499,43.0247
5.86656188964844,0.489662766456604,13.4550342559814,28.2251434326172,39.9608612060547,1.18313109874725,0.303872644901276,1.34543454647064,-0.298669278621674,0.25172159075737,0.323011219501495,0.0538299530744553,0.553535461425781,17,-78.1274,43.0996
5.95114088058472,0.508206248283386,12.9721946716309,32.6972808837891,39.8714599609375,1.19480395317078,0.274791061878204,1.36410808563232,-0.273307263851166,0.351503312587738,0.332057625055313,0.0529592223465443,0.54913055896759,18,-77.9483,42.9585
6.11060762405396,0.525753438472748,15.3836755752563,29.4931488037109,45.0861053466797,1.15417647361755,0.301417648792267,1.34476828575134,-0.300703108310699,0.282291531562805,0.322215557098389,0.0540503896772861,0.564461708068848,19,-78.0452,43.034
5.95410585403442,0.534366488456726,15.3602151870728,26.6955032348633,45.5950050354004,1.14992189407349,0.315986931324005,1.33764696121216,-0.318708419799805,0.300479143857956,0.318703532218933,0.0564373135566711,0.566067218780518,20,-77.948011,42.951849
5.83962821960449,0.516827940940857,12.3658180236816,32.423454284668,43.2368431091309,1.21473586559296,0.320713430643082,1.35090517997742,-0.321622669696808,0.39170640707016,0.327482461929321,0.0530485436320305,0.541609168052673,21,-77.919624,42.95801
5.81187343597412,0.46245613694191,13.57421875,35.2339782714844,39.2380256652832,1.19913721084595,0.23679706454277,1.3686888217926,-0.238982379436493,0.244763255119324,0.332092761993408,0.0522101148962975,0.547495365142822,22,-78.51702,43.15477
6.11063957214355,0.51635479927063,13.6943082809448,30.0555572509766,45.0459899902344,1.17148733139038,0.23225100338459,1.36240220069885,-0.22790652513504,0.386211484670639,0.328833341598511,0.0526783242821693,0.557929337024689,23,-78.6311,43.20692
6.08159732818604,0.519428193569183,16.6787109375,23.2502422332764,49.1403503417969,1.22176241874695,0.307544529438019,1.33762216567993,-0.302148431539536,0.251462459564209,0.314655721187592,0.0561902895569801,0.538957595825195,24,-78.61845,43.20642
6.04206275939941,0.535673856735229,16.0029354095459,18.5430526733398,55.4439506530762,1.21891713142395,0.351369023323059,1.33989500999451,-0.342302411794662,0.32060906291008,0.317916035652161,0.0546569488942623,0.540031313896179,25,-78.61498,43.20662
5.82820892333984,0.497731685638428,11.869140625,45.0259552001953,31.2424087524414,1.31353521347046,0.246650487184525,1.35986328125,-0.244125127792358,0.435119450092316,0.333240479230881,0.0531289055943489,0.504326403141022,26,-78.55468,43.26188
4.72266530990601,0.502937436103821,5.044921875,72.6115417480469,13.7599792480469,1.1598345041275,-0.0091772647574544,1.45224606990814,0.0129687506705523,1.32670438289642,0.406985878944397,0.0331319645047188,0.562326669692993,27,-78.64577,43.23982
6.15504217147827,0.53720486164093,17.3070526123047,21.046875,48.6213302612305,1.19257807731628,0.308472365140915,1.33271026611328,-0.309080243110657,0.290830790996552,0.313167661428452,0.0576656945049763,0.54997056722641,28,-78.0858,43.3356
5.8067569732666,0.432953000068665,8.03333377838135,60.0843887329102,23.9970607757568,1.34857285022736,0.192610323429108,1.39854311943054,-0.193346410989761,0.572066009044647,0.351372212171555,0.0474999994039536,0.491104602813721,29,-78.408,43.3104
5.84192943572998,0.491513669490814,10.41796875,48.2931365966797,31.1535835266113,1.32630860805511,0.282904505729675,1.36343050003052,-0.26923680305481,0.403194963932037,0.334311723709106,0.0519358590245247,0.499506175518036,30,-78.4036,43.305
6.15504217147827,0.53720486164093,17.3070526123047,21.046875,48.6213302612305,1.19257807731628,0.308472365140915,1.33271026611328,-0.309080243110657,0.290830790996552,0.313167661428452,0.0576656945049763,0.54997056722641,31,-78.0858,43.3356
6.25677871704102,0.537000000476837,4.7216796875,76.474609375,16.0210990905762,1.31293547153473,0.179364189505577,1.41807186603546,-0.1812524497509,0.268403917551041,0.369578957557678,0.0371515154838562,0.504552721977234,32,-78.3495,43.3059
5.92038822174072,0.398434162139893,9.796875,53.0825157165527,30.3935947418213,1.26127815246582,0.1267079859972,1.40329337120056,-0.126653671264648,0.532786726951599,0.362622797489166,0.0477070286870003,0.524046003818512,33,-78.4036,43.3051
5.83775806427002,0.40466633439064,9.13157844543457,57.2681007385254,26.9456520080566,1.30774092674255,0.151333123445511,1.41303610801697,-0.157886490225792,0.484858602285385,0.367453098297119,0.0467546433210373,0.506512880325317,34,-78.4053,43.2988
6.33256912231445,0.542053699493408,16.2956981658936,25.7739715576172,45.1757583618164,1.16739726066589,0.273263305425644,1.33533143997192,-0.269873142242432,0.286033749580383,0.315396189689636,0.0577325597405434,0.559472739696503,35,-78.0885,43.3353
6.07781982421875,0.557222247123718,15.826530456543,17.9804306030273,49.4657554626465,1.18750488758087,0.336958706378937,1.33170080184937,-0.33394530415535,0.366089463233948,0.315350830554962,0.0541674792766571,0.551884949207306,36,-78.0758,43.3611
6.08954524993896,0.52484393119812,13.9736843109131,33.1862754821777,39.314453125,1.23869657516479,0.270909190177917,1.341064453125,-0.273203134536743,0.282456696033478,0.320508778095245,0.0560000017285347,0.532567381858826,37,-78.0697,43.336
6.02572298049927,0.537109375,15.7188425064087,25.2813739776611,45.9714584350586,1.21349024772644,0.287719815969467,1.34225606918335,-0.28661447763443,0.284192025661469,0.319697052240372,0.0560739263892174,0.542079210281372,38,-78.0706,43.3373
6.3598461151123,0.541621088981628,15.4022483825684,24.0083084106445,45.9471626281738,1.15838718414307,0.313416630029678,1.32832026481628,-0.306699126958847,0.30067977309227,0.312534391880035,0.057774756103754,0.56287282705307,39,-78.0742,43.3358
6.40916347503662,0.565820336341858,16.4921875,22.6753177642822,48.5975570678711,1.13141179084778,0.273099273443222,1.32938659191132,-0.245521932840347,0.286607146263123,0.312302142381668,0.0594951435923576,0.573052167892456,40,-78.1271,43.3187
6.02071380615234,0.537861347198486,13.1594715118408,31.488245010376,43.788932800293,1.25660789012909,0.302194893360138,1.34130859375,-0.306075930595398,0.39097660779953,0.318338245153427,0.0543965026736259,0.525808393955231,41,-78.0361,43.3361
6.40916347503662,0.565820336341858,16.4921875,22.6753177642822,48.5975570678711,1.13141179084778,0.273099273443222,1.32938659191132,-0.245521932840347,0.286607146263123,0.312302142381668,0.0594951435923576,0.573052167892456,42,-78.1271,43.3187
6.40916347503662,0.565820336341858,16.4921875,22.6753177642822,48.5975570678711,1.13141179084778,0.273099273443222,1.32938659191132,-0.245521932840347,0.286607146263123,0.312302142381668,0.0594951435923576,0.573052167892456,43,-78.1271,43.3187
5.93693923950195,0.334736853837967,7.5888671875,62.567253112793,22.650390625,1.26684617996216,0.0448582656681538,1.43337798118591,-0.0459374971687794,0.717991232872009,0.383965373039246,0.0430887788534164,0.521944880485535,44,-78.4054,43.2984
5.8259220123291,0.394755631685257,8.763671875,58.7728157043457,26.0053977966309,1.31309509277344,0.152820557355881,1.41443061828613,-0.141052633523941,0.499772131443024,0.368453115224838,0.0464912280440331,0.504492461681366,45,-78.4041,43.2931
6.40916347503662,0.565820336341858,16.4921875,22.6753177642822,48.5975570678711,1.13141179084778,0.273099273443222,1.32938659191132,-0.245521932840347,0.286607146263123,0.312302142381668,0.0594951435923576,0.573052167892456,46,-78.1271,43.3187
6.15588092803955,0.52122437953949,19.2984428405762,14.859375,58.3154296875,1.21279299259186,0.403064668178558,1.3140594959259,-0.396085679531097,0.232785582542419,0.302183270454407,0.0579221770167351,0.542342305183411,47,-78.056,43.356
6.08655261993408,0.529556095600128,15.3162269592285,28.0990219116211,44.162109375,1.22675156593323,0.241144046187401,1.3421585559845,-0.22184132039547,0.284151017665863,0.321406155824661,0.0584019310772419,0.53707492351532,48,-78.1195,43.3189
6.08723592758179,0.542624652385712,16.9289875030518,17.9452056884766,53.4010772705078,1.20332682132721,0.353402465581894,1.32878410816193,-0.347201555967331,0.339964032173157,0.310626477003098,0.055390290915966,0.5459144115448,49,-78.0958,43.3598
6.08723592758179,0.542624652385712,16.9289875030518,17.9452056884766,53.4010772705078,1.20332682132721,0.353402465581894,1.32878410816193,-0.347201555967331,0.339964032173157,0.310626477003098,0.055390290915966,0.5459144115448,50,-78.0958,43.3598
6.21257972717285,0.537246108055115,17.8687801361084,16.1052627563477,56.7223281860352,1.17925930023193,0.380173027515411,1.32182002067566,-0.373515635728836,0.305072724819183,0.307008802890778,0.0564489811658859,0.554996490478516,51,-78.0957,43.3683
5.85698413848877,0.506221890449524,11.10546875,42.4892158508301,34.9926261901855,1.28880739212036,0.257055133581161,1.37144613265991,-0.259921491146088,0.330334603786469,0.334607630968094,0.0529076755046844,0.513657569885254,52,-78.403,43.2913
5.82783555984497,0.404882669448853,9.10331344604492,58.9306640625,25.6351623535156,1.30554687976837,0.146721959114075,1.41230452060699,-0.145853668451309,0.527080714702606,0.364021986722946,0.046615082770586,0.507340788841248,53,-78.418173,43.303276
6.06623077392578,0.549726009368896,14.9545459747314,25.7746829986572,43.9698448181152,1.18645560741425,0.277479410171509,1.34258306026459,-0.272003889083862,0.357643961906433,0.321748077869415,0.0544198229908943,0.552280843257904,54,-77.7961,42.9075
5.99978637695312,0.466015636920929,12.9144668579102,33.1542587280273,38.9970626831055,1.19487798213959,0.219747304916382,1.36904418468475,-0.222781583666801,0.451152682304382,0.331035077571869,0.0508474260568619,0.549102663993835,55,-77.7947,42.9077
5.94776391983032,0.511800050735474,12.5822725296021,38.3882369995117,35.9295501708984,1.20614862442017,0.231197983026505,1.36559462547302,-0.233411535620689,0.402728617191315,0.335576087236404,0.0526420250535011,0.544849634170532,56,-77.8007,42.9068
6.06623077392578,0.549726009368896,14.9545459747314,25.7746829986572,43.9698448181152,1.18645560741425,0.277479410171509,1.34258306026459,-0.272003889083862,0.357643961906433,0.321748077869415,0.0544198229908943,0.552280843257904,57,-77.7961,42.9074
6.08780241012573,0.767009735107422,18.6076316833496,17.9692077636719,60.6788864135742,1.25197649002075,0.49338299036026,1.29498779773712,-0.483891010284424,0.208820268511772,0.284737318754196,0.0672686696052551,0.52755606174469,58,-77.7675,42.8998
5.96826648712158,0.529384791851044,13.2367916107178,26.7289638519287,44.6567077636719,1.23368775844574,0.326559782028198,1.34686887264252,-0.32314145565033,0.438418030738831,0.319883584976196,0.0549143925309181,0.534457445144653,59,-78.2491,43.0238
5.98743915557861,0.505890429019928,13.0317687988281,38.0680923461914,37.8512725830078,1.20976519584656,0.198994517326355,1.38212704658508,-0.198536589741707,0.418449908494949,0.339597553014755,0.0518661476671696,0.543484807014465,60,-77.7716,42.9031
5.98743915557861,0.505890429019928,13.0317687988281,38.0680923461914,37.8512725830078,1.20976519584656,0.198994517326355,1.38212704658508,-0.198536589741707,0.418449908494949,0.339597553014755,0.0518661476671696,0.543484807014465,61,-77.7717,42.9032
5.41860675811768,0.670616388320923,16.7656860351562,22.4374389648438,55.3582611083984,1.1964647769928,0.262049317359924,1.34951162338257,-0.263636350631714,0.266104429960251,0.325986325740814,0.057586744427681,0.548503875732422,62,-78.0732949119178,42.5564879824353
5.75276565551758,0.605439901351929,18.7939453125,23.2360706329346,53.4305953979492,1.22828125953674,0.283235669136047,1.34071636199951,-0.277521967887878,0.156782329082489,0.319027781486511,0.0588287934660912,0.53649765253067,63,-78.0766563733093,42.5550739870195
5.3989953994751,0.559200763702393,14.3134765625,28.1220703125,50.6619491577148,1.2971875667572,0.275644719600677,1.36709439754486,-0.269902527332306,0.299774765968323,0.337515652179718,0.0528271868824959,0.51049530506134,64,-78.0783027198969,42.5528939357695
5.43337106704712,0.642458438873291,17.1790237426758,24.2436408996582,52.5341796875,1.19288206100464,0.234507441520691,1.3529052734375,-0.236774191260338,0.217254966497421,0.327473670244217,0.0570574477314949,0.549855828285217,65,-78.0665317376414,42.5591779323786
5.33507537841797,0.597134470939636,14.5847949981689,22.6603126525879,54.2927322387695,1.21699118614197,0.295667290687561,1.35559499263763,-0.296956092119217,0.351308017969131,0.329868048429489,0.0514796115458012,0.540758013725281,66,-78.0710336023874,42.5599068508733
5.53371143341064,0.613698601722717,12.54505443573,26.5479927062988,51.7200393676758,1.24931573867798,0.281811594963074,1.3647483587265,-0.285415470600128,0.453961491584778,0.334728062152863,0.0519494116306305,0.528560101985931,67,-78.0796984321384,42.5506611249782
6.06094598770142,0.501679658889771,4.3214635848999,76.5909118652344,12.9169921875,1.2952538728714,0.147676661610603,1.41354882717133,-0.139999985694885,0.76977127790451,0.369555711746216,0.0369882807135582,0.511224985122681,68,-78.519,43.2789
6.09448337554932,0.502116322517395,11.26953125,42.2529411315918,33.6024627685547,1.27266669273376,0.28577584028244,1.35954594612122,-0.283937633037567,0.414905428886414,0.334070473909378,0.0520584806799889,0.519748449325562,69,-78.3541,43.0261
5.83863830566406,0.50512707233429,13.2570734024048,30.9324569702148,41.0426063537598,1.18358826637268,0.296050071716309,1.35123157501221,-0.27984344959259,0.342840254306793,0.327794909477234,0.0531782954931259,0.553362965583801,70,-78.354687,43.027432
6.01021528244019,0.484315037727356,13.0283203125,31.5534515380859,41.4580078125,1.17612516880035,0.307610183954239,1.34990239143372,-0.306243896484375,0.277502983808517,0.325945764780045,0.0536863505840302,0.556179165840149,71,-78.354664,43.028134
5.71860790252686,0.46605572104454,12.5254907608032,30.5185356140137,38.1875610351562,1.19956016540527,0.307111859321594,1.347412109375,-0.301955044269562,0.344663739204407,0.324942946434021,0.0547852292656898,0.547335863113403,72,-78.2445,43.0139
6.19410181045532,0.573570013046265,20.192684173584,14.9609375,53.7205924987793,1.1397465467453,0.365634083747864,1.31601905822754,-0.367551237344742,0.1950653642416,0.302122801542282,0.0598873794078827,0.569906949996948,73,-78.2459,43.3415
6.17995357513428,0.567185342311859,19.2541618347168,14.98828125,54.390625,1.14900398254395,0.367075860500336,1.31852436065674,-0.372922778129578,0.206477284431458,0.304479479789734,0.057494655251503,0.566413640975952,74,-78.2461,43.3419
6.05685234069824,0.539365231990814,16.8898620605469,24.9363994598389,45.7575607299805,1.1491185426712,0.323841392993927,1.3336706161499,-0.325404852628708,0.245504587888718,0.313466817140579,0.0557825230062008,0.566370368003845,76,-77.9313,42.9374
5.90816783905029,0.492746353149414,10.1219635009766,44.8261260986328,32.252685546875,1.2721483707428,0.231861412525177,1.37137961387634,-0.24286276102066,0.567852735519409,0.334294736385345,0.05025415122509,0.519943952560425,77,-78.3866,43.3152
5.90816783905029,0.492746353149414,10.1219635009766,44.8261260986328,32.252685546875,1.2721483707428,0.231861412525177,1.37137961387634,-0.24286276102066,0.567852735519409,0.334294736385345,0.05025415122509,0.519943952560425,78,-78.3866,43.3152
6.03474855422974,0.560886383056641,16.3621711730957,24.7578430175781,49.3673858642578,1.17345690727234,0.386200547218323,1.32700192928314,-0.379530310630798,0.332446277141571,0.308858096599579,0.0604194179177284,0.55718606710434,79,-77.9596,42.8481
6.13170433044434,0.553025484085083,17.0352249145508,21.9411773681641,46.5535545349121,1.13578999042511,0.319698959589005,1.33019304275513,-0.321424424648285,0.281955033540726,0.314024925231934,0.0558488368988037,0.571400046348572,80,-77.9089,42.9546
5.76323986053467,1.54540932178497,44.5,16.5,38.4072265625,0.610000014305115,0.523354351520538,1.28478467464447,-0.522465705871582,0.435386687517166,0.271801352500916,0.115640833973885,0.7698113322258,81,-78.1152,43.1248
5.97012615203857,0.47608295083046,13.9017601013184,31.15403175354,41.5787963867188,1.17655539512634,0.304626643657684,1.3461754322052,-0.304570317268372,0.273269444704056,0.323274612426758,0.0534834936261177,0.556016802787781,82,-77.9745,42.9915
6.04012298583984,0.542711794376373,13.8939399719238,31.8300590515137,44.111328125,1.18626582622528,0.264343172311783,1.34873056411743,-0.268484830856323,0.390155255794525,0.325548768043518,0.0536592453718185,0.552352547645569,83,-77.9747,42.9907
6.28990650177002,0.578398406505585,26.06640625,14.3748779296875,51.5195693969727,1.12119150161743,0.37335342168808,1.29792881011963,-0.374726533889771,0.124779552221298,0.29018235206604,0.0682243853807449,0.576908946037292,84,-78.2301,43.3496
5.80146074295044,0.686816394329071,13.150390625,24.2816772460938,52.957389831543,1.21384024620056,0.303091734647751,1.34992671012878,-0.310224413871765,0.483661353588104,0.329702168703079,0.0536776706576347,0.54194712638855,85,-78.334,42.6214
6.33032512664795,0.574511229991913,23.6083984375,14.4776039123535,52.6193733215332,1.13219606876373,0.379077255725861,1.30348241329193,-0.378165870904922,0.177622824907303,0.293596863746643,0.0640233904123306,0.572756290435791,86,-78.2261,43.3494
5.31016397476196,0.452890634536743,10.5848779678345,36.306640625,44.6635818481445,1.44075417518616,0.29121720790863,1.40389704704285,-0.290272355079651,0.395923763513565,0.355625629425049,0.0471840351819992,0.456319212913513,87,-78.3387,42.6224
6.02527523040771,0.544259190559387,17.6780834197998,23.3416423797607,48.8408203125,1.18241453170776,0.349534094333649,1.32918298244476,-0.351249992847443,0.264984786510468,0.310698628425598,0.0588388368487358,0.553805828094482,88,-77.9692,42.8951
5.85791778564453,0.504082918167114,16.6448135375977,24.3416423797607,47.6129684448242,1.14818000793457,0.333741128444672,1.33400201797485,-0.324375003576279,0.266268044710159,0.315378546714783,0.0565941743552685,0.566724538803101,89,-77.9698,42.895
6.20451164245605,0.47847318649292,13.313907623291,32.1056747436523,41.5360946655273,1.1722526550293,0.301145821809769,1.35476076602936,-0.300039023160934,0.297281682491302,0.330314993858337,0.0523828938603401,0.557640492916107,90,-77.9681,42.935
5.53756761550903,1.3262585401535,16.1548671722412,14.8157386779785,52.7267837524414,0.989999949932098,0.385633766651154,1.32301211357117,-0.38578125834465,0.4723239839077,0.302552849054337,0.0560779720544815,0.626415133476257,91,-78.1939,43.1249
6.03850746154785,0.575243890285492,17.4599990844727,24.65625,49.0102424621582,1.16019570827484,0.363439947366714,1.32776415348053,-0.354829251766205,0.266620606184006,0.3125,0.0582804270088673,0.562190294265747,92,-77.966638,42.9263
5.96138286590576,0.527344346046448,13.6292858123779,27.4698753356934,42.3295974731445,1.19335603713989,0.294601887464523,1.34166264533997,-0.289765626192093,0.389148324728012,0.321758061647415,0.0561317838728428,0.549676954746246,93,-77.966928,42.925342
5.26070165634155,0.446806669235229,10.4051809310913,36.482421875,44.092155456543,1.44388067722321,0.291266828775406,1.40522766113281,-0.284824907779694,0.366165995597839,0.357609570026398,0.0468599200248718,0.455139368772507,94,-78.3328,42.6229
5.85667848587036,0.47191709280014,11.7218971252441,40.365104675293,37.0443916320801,1.25077891349792,0.230881348252296,1.37898778915405,-0.232734382152557,0.246243044734001,0.344843089580536,0.052986353635788,0.528007984161377,95,-78.4972,43.2164
5.95042181015015,0.543965816497803,14.1428565979004,23.8467559814453,46.7868347167969,1.23185539245605,0.348505735397339,1.33400189876556,-0.353813230991364,0.371247559785843,0.313714861869812,0.0573540851473808,0.535148859024048,97,-77.979759,42.939168
6.04850625991821,0.519335985183716,13.441349029541,31.9652328491211,42.1101875305176,1.22367906570435,0.301956295967102,1.35808539390564,-0.302265644073486,0.36545330286026,0.331277251243591,0.0536345988512039,0.538234353065491,98,-77.974002,42.937516
6.1699104309082,0.566777348518372,16.5498542785645,22.9873046875,47.2238006591797,1.14357972145081,0.294754654169083,1.33330488204956,-0.29432487487793,0.295175731182098,0.314176142215729,0.0569718703627586,0.568460464477539,99,-78.4978,43.2269
5.70874357223511,0.483936578035355,13.3367547988892,31.8514556884766,40.2707328796387,1.15624260902405,0.291051924228668,1.35206496715546,-0.279296875,0.339735865592957,0.329587906599045,0.0540116429328918,0.563682019710541,100,-78.3304,43.0385
5.93739461898804,0.507646501064301,13.4251699447632,33.5881500244141,41.3617668151855,1.26405239105225,0.280354410409927,1.34604501724243,-0.266666650772095,0.400877475738525,0.322701573371887,0.0539961084723473,0.522999107837677,102,-78.5205,43.281
6.08960151672363,0.529453158378601,14.6880502700806,26.6418781280518,46.3880233764648,1.22834300994873,0.289974063634872,1.33911287784576,-0.274751216173172,0.285937696695328,0.31925830245018,0.0565836578607559,0.536474347114563,103,-78.3102,43.3232
6.04664421081543,0.544218778610229,14.823558807373,27.1135692596436,44.4970703125,1.16380250453949,0.312748551368713,1.34003901481628,-0.294246554374695,0.288427889347076,0.319644957780838,0.056303970515728,0.560829222202301,104,-78.2235,43.0936
6.34366798400879,0.615946352481842,21.373046875,15.1459131240845,48.5048675537109,1.07727813720703,0.338163316249847,1.31279325485229,-0.334291279315948,0.190456613898277,0.298383474349976,0.0605150610208511,0.593479990959167,105,-78.2334,43.09175
5.87576198577881,0.493085950613022,13.7766380310059,29.413423538208,41.2970733642578,1.18212532997131,0.282391786575317,1.35150289535522,-0.275789439678192,0.218505635857582,0.325017631053925,0.0540077686309814,0.553914904594421,106,-78.22585,43.093283
6.25939178466797,0.563082158565521,15.9707593917847,22.1738471984863,48.0836563110352,1.13664078712463,0.316734939813614,1.33510744571686,-0.311863422393799,0.302765667438507,0.31571352481842,0.0557386241853237,0.571078956127167,107,-78.2343,43.087583
5.73241710662842,0.454678356647491,12.4970703125,32.0593376159668,37.2490234375,1.1806458234787,0.297190129756927,1.35931992530823,-0.292617201805115,0.313317060470581,0.329236328601837,0.0537312552332878,0.554473280906677,108,-78.171667,43.097133
5.99307012557983,0.475312501192093,12.8970737457275,37.5352249145508,40.5157318115234,1.24118280410767,0.234003603458405,1.37811279296875,-0.235297560691833,0.234612971544266,0.339501976966858,0.0512003898620605,0.531629145145416,109,-78.17029,43.09481
5.77316570281982,0.450199991464615,13.5,34.3604888916016,38.3321914672852,1.20478439331055,0.252030730247498,1.36749029159546,-0.249755620956421,0.195279240608215,0.331679701805115,0.0527210906147957,0.545364379882812,110,-78.12789,43.09644
5.94997644424438,0.531608045101166,15.2582845687866,27.1401176452637,44.8343124389648,1.18031251430511,0.301470756530762,1.34538578987122,-0.301014631986618,0.292163342237473,0.323005884885788,0.0545354038476944,0.554599046707153,111,-78.12799,43.09558
5.90021133422852,0.5008904337883,15.4883041381836,24.8986358642578,42.1526412963867,1.1583251953125,0.318516731262207,1.3346107006073,-0.309375017881393,0.237681776285172,0.314232617616653,0.055636540055275,0.562896192073822,112,-78.12789,43.0949
6.11904907226562,0.509643197059631,13.7370729446411,29.7598037719727,42.5314025878906,1.16512680053711,0.302808612585068,1.34526371955872,-0.295170396566391,0.249385237693787,0.324339509010315,0.0548665374517441,0.560329556465149,113,-77.9813,42.9657
5.80190992355347,0.727309942245483,13.3118915557861,23.2580165863037,56.2247772216797,1.2424144744873,0.403183460235596,1.32884991168976,-0.404789835214615,0.344027698040009,0.311191499233246,0.0546601936221123,0.531164407730103,114,-78.40328,43.10273
5.92973804473877,0.527848839759827,17.34765625,18.8167171478271,50.7374877929688,1.18718481063843,0.354052662849426,1.3258056640625,-0.344970643520355,0.269804626703262,0.308737516403198,0.0576222017407417,0.552005767822266,115,-78.40255,43.09767
5.8692512512207,0.505742907524109,17.00390625,25.0347709655762,45.050537109375,1.19330072402954,0.326424360275269,1.33396685123444,-0.321583569049835,0.204060316085815,0.312074065208435,0.0571370273828506,0.549697875976562,116,-78.40019,43.09752
6.23590660095215,0.535781979560852,17.7017631530762,22.0689125061035,46.4141464233398,1.18095517158508,0.321719169616699,1.32926416397095,-0.309823870658875,0.223702222108841,0.312002956867218,0.0573676042258739,0.554356575012207,117,-78.38536,43.0868
6.13165187835693,0.636025369167328,20.2330722808838,18.0435848236084,54.23828125,1.12204694747925,0.405815035104752,1.30951857566833,-0.40553605556488,0.28659725189209,0.298397064208984,0.0618481002748013,0.576586008071899,118,-78.091459,42.951041
6.03737163543701,0.526811957359314,15.4335289001465,26.129301071167,45.2536659240723,1.15865230560303,0.312664866447449,1.33632814884186,-0.308484852313995,0.239227861166,0.316175758838654,0.0560618974268436,0.562772750854492,119,-78.37811,43.08375
6.20015621185303,0.481682926416397,14.297456741333,32.3060760498047,42.4353561401367,1.16591000556946,0.294854283332825,1.35715842247009,-0.292865514755249,0.287985742092133,0.331607311964035,0.0531558580696583,0.560033977031708,120,-78.091768,42.952533
5.96781635284424,0.368712067604065,9.42570877075195,56.017578125,30.1388607025146,1.23274779319763,0.0569512434303761,1.4193913936615,-0.0593339875340462,0.604047179222107,0.373948991298676,0.0443890504539013,0.534812152385712,121,-78.35812,43.322408
5.80884170532227,0.460512191057205,13.353515625,29.345329284668,39.3453979492188,1.15866923332214,0.316444337368011,1.34527897834778,-0.318295776844025,0.24644348025322,0.321511745452881,0.0540698990225792,0.562766313552856,122,-78.0419470962796,43.0033329767751
5.92946815490723,0.367453575134277,10.2966766357422,51.9775390625,33.8274536132812,1.24716520309448,0.0907918363809586,1.41372179985046,-0.103906244039536,0.505538880825043,0.369613289833069,0.0467116311192513,0.529371619224548,123,-78.358419,43.322503
5.85644149780273,0.500058591365814,12.959433555603,32.1190490722656,38.6376953125,1.18364083766937,0.262735426425934,1.35879266262054,-0.261017620563507,0.38828843832016,0.331057190895081,0.0531820841133595,0.553343057632446,124,-78.0484,42.9836
6.14803123474121,0.493907302618027,13.278751373291,31.9019508361816,42.3718185424805,1.19746553897858,0.307476878166199,1.35079264640808,-0.307414650917053,0.278847128152847,0.326529204845428,0.0537009723484516,0.54812616109848,125,-78.0352,42.9852
6.04730367660522,0.541370689868927,4.44330406188965,76.2345733642578,12.7991199493408,1.3028781414032,0.170134514570236,1.40280771255493,-0.167123287916183,0.716433107852936,0.364746361970901,0.0376647189259529,0.508347928524017,126,-78.360661,43.305641
5.94035911560059,0.515672564506531,15.9638671875,26.0759048461914,43.373046875,1.16328763961792,0.336092531681061,1.3347384929657,-0.327812492847443,0.240370392799377,0.315543860197067,0.0562135949730873,0.561023592948914,127,-78.1333,43.0435
5.82928562164307,0.480356782674789,13.4736576080322,29.8103103637695,39.5636024475098,1.1728767156601,0.311588257551193,1.34424495697021,-0.306901961565018,0.304458528757095,0.321406155824661,0.0543252676725388,0.5574049949646,128,-78.2347,43.0984
5.62006282806396,0.457017630338669,12.7468290328979,35.1935806274414,40.1507301330566,1.20321595668793,0.254658550024033,1.37429201602936,-0.256790578365326,0.205834254622459,0.336763471364975,0.0528771951794624,0.545956254005432,129,-78.3116,43.093
6.11654329299927,0.518607020378113,17.7279853820801,23.883186340332,48.0659866333008,1.16174972057343,0.282150506973267,1.33476030826569,-0.289179682731628,0.397918671369553,0.313458830118179,0.0568488389253616,0.561603903770447,130,-78.457135,43.367912
6.0418119430542,0.540619552135468,13.7013692855835,30.6715393066406,41.3543510437012,1.19752204418182,0.296592831611633,1.34713411331177,-0.296640634536743,0.357136458158493,0.323535084724426,0.054964043200016,0.548104882240295,131,-77.9360004413635,42.9241254273182
6.12422513961792,0.537136554718018,20.8401985168457,20.8684196472168,49.9260520935059,1.17640614509583,0.396692872047424,1.31442677974701,-0.388398468494415,0.227048367261887,0.301342964172363,0.060787171125412,0.556073129177094,132,-77.97957,42.95607
6.01030540466309,0.506541430950165,13.9814453125,32.9431381225586,41.441520690918,1.19438362121582,0.2679103910923,1.36384272575378,-0.265063792467117,0.249853357672691,0.330662429332733,0.053084384649992,0.549289226531982,133,-78.2165,43.0804
5.81662607192993,0.511216998100281,14.8203125,23.4385967254639,43.1692657470703,1.19198226928711,0.345714032649994,1.33175706863403,-0.347906529903412,0.322514444589615,0.312202423810959,0.0567868202924728,0.550195336341858,134,-78.2164,43.0753
6.12373018264771,0.548013687133789,14.5039176940918,25.5667972564697,45.7072372436523,1.13328123092651,0.307314455509186,1.33899068832397,-0.308015644550323,0.314990639686584,0.318608492612839,0.0553139559924603,0.572346687316895,135,-78.2166,43.0791
6.00445413589478,0.474375605583191,13.86487865448,32.0583648681641,39.10546875,1.19072473049164,0.295158267021179,1.35198140144348,-0.293963015079498,0.27560093998909,0.326827168464661,0.0535296425223351,0.55066990852356,136,-78.3218,43.08
6.24041652679443,0.554824352264404,16.6728515625,20.4814281463623,49.4677429199219,1.14831709861755,0.355453848838806,1.32740247249603,-0.357237339019775,0.313858300447464,0.310652107000351,0.0569922178983688,0.566672801971436,137,-78.3488,43.0837
6.03370714187622,0.523807466030121,16.2419052124023,25.8248291015625,44.7058563232422,1.20171880722046,0.300541609525681,1.33908700942993,-0.300194948911667,0.177560746669769,0.318772286176682,0.0548949390649796,0.546521246433258,138,-78.349111,43.085017
6.02635097503662,0.508056640625,14.5865745544434,32.073673248291,43.0616455078125,1.20754384994507,0.271550118923187,1.36184024810791,-0.274101555347443,0.196000725030899,0.328007280826569,0.0553683191537857,0.544323086738586,139,-78.34905,43.087484
5.91767501831055,0.380814611911774,7.32795667648315,63.0840606689453,22.3501472473145,1.2931866645813,0.0903350859880447,1.42060554027557,-0.0919921919703484,0.721736311912537,0.372693002223969,0.0448554679751396,0.512005031108856,140,-78.37874,43.305465
5.63985347747803,0.216640621423721,2.8828125,78.7807006835938,12.7922782897949,1.29152345657349,0.0583056733012199,1.48754894733429,-0.0581622719764709,1.0052318572998,0.405872672796249,0.0295933522284031,0.512632668018341,141,-78.374136,43.294571
5.90184736251831,0.377399981021881,7.46187686920166,62.29296875,22.6452236175537,1.28974628448486,0.0968716144561768,1.4235622882843,-0.0852837562561035,0.649985551834106,0.376965761184692,0.0445742160081863,0.513303279876709,142,-78.375466,43.305751
5.91477394104004,0.391093790531158,7.71253681182861,61.0370330810547,21.2795124053955,1.30984377861023,0.133384376764297,1.41049814224243,-0.133548378944397,0.711526691913605,0.36401754617691,0.0449677407741547,0.505719304084778,143,-78.375069,43.305437
6.21537303924561,0.557480454444885,4.72634124755859,77.1653594970703,13.1399993896484,1.29181814193726,0.146696597337723,1.40906429290771,-0.146204873919487,0.585508227348328,0.367835581302643,0.0383668281137943,0.51252144575119,144,-78.373028,43.305483
5.7963342666626,0.428752452135086,7.95837450027466,60.0947265625,23.1679725646973,1.35119140148163,0.181092590093613,1.40044116973877,-0.189520061016083,0.569150149822235,0.352509796619415,0.047203503549099,0.490116477012634,145,-78.390615,43.310884
6.35300922393799,0.517080068588257,18.0792560577393,16.646484375,54.9595108032227,1.22553825378418,0.381922692060471,1.32151746749878,-0.38514119386673,0.305695533752441,0.306643694639206,0.0583368837833405,0.537532806396484,146,-78.377358,43.312099
5.79158878326416,0.460921943187714,6.71595335006714,60.4590682983398,19.3729228973389,1.40382218360901,0.250292748212814,1.38361811637878,-0.242321938276291,0.672462105751038,0.3472800552845,0.046374998986721,0.470255851745605,147,-78.390588,43.310816
5.87212562561035,0.502861320972443,13.5927734375,32.2348937988281,41.7211380004883,1.16523063182831,0.283808052539825,1.35434520244598,-0.286445319652557,0.340027034282684,0.328813135623932,0.0531067997217178,0.560290336608887,148,-77.9784,42.9354
5.8075704574585,0.555584788322449,14.0763206481934,30.7390232086182,45.6890335083008,1.17335939407349,0.275788635015488,1.35684704780579,-0.274769842624664,0.375873953104019,0.327670097351074,0.0537669882178307,0.557222902774811,149,-78.234717,43.0909
6.09911346435547,0.573690176010132,17.1376953125,17.865234375,52.6371231079102,1.16255867481232,0.359391063451767,1.3269145488739,-0.353579759597778,0.308691143989563,0.30975267291069,0.056411650031805,0.561298668384552,150,-78.2347,43.088867
5.71089935302734,0.439751207828522,12.4558820724487,33.5106925964355,36.8843879699707,1.21471977233887,0.291948676109314,1.36386847496033,-0.291263461112976,0.214175641536713,0.329359114170074,0.0542211420834064,0.541615188121796,151,-78.127749,43.098241
5.83371448516846,0.47382926940918,13.2658538818359,32.1087799072266,39.734375,1.17395305633545,0.302416861057281,1.35740232467651,-0.288732945919037,0.270251125097275,0.329929828643799,0.0534413196146488,0.5569988489151,152,-78.127915,43.097352
6.13795709609985,0.534276604652405,14.6788864135742,28.0112857818604,45.7174339294434,1.15123045444489,0.312155693769455,1.3400684595108,-0.305909991264343,0.276213258504868,0.319414734840393,0.0559786632657051,0.565573453903198,153,-78.38094,43.08419
6.0328540802002,0.506016612052917,14.9521484375,28.406795501709,41.7534255981445,1.14447593688965,0.298195421695709,1.34173607826233,-0.298005878925323,0.306269526481628,0.320219039916992,0.0545881241559982,0.568122267723083,154,-78.38096,43.08234
5.11388683319092,0.660516560077667,10.4326171875,28.6861591339111,51.0215682983398,1.29423117637634,0.346098065376282,1.36403656005859,-0.3554927110672,0.381536543369293,0.332231521606445,0.0474946349859238,0.511610865592957,155,-78.1052331813669,42.5864745193862
5.54037475585938,0.542350888252258,13.0643272399902,32.5604858398438,48.7529296875,1.34949016571045,0.248428344726562,1.38408863544464,-0.249055489897728,0.395176738500595,0.345230221748352,0.0519086495041847,0.49075847864151,156,-78.0848620493202,42.5656659478533
6.29129314422607,0.527091860771179,14.615460395813,28.7441177368164,45.0677795410156,1.16544473171234,0.317612498998642,1.33832919597626,-0.306459128856659,0.260874807834625,0.32025220990181,0.0562834963202477,0.560209512710571,157,-78.0063,42.9459
6.0141487121582,0.532970786094666,14.9138946533203,29.9773635864258,43.3132934570312,1.19358325004578,0.259199440479279,1.35029351711273,-0.265161275863647,0.235731035470963,0.325026392936707,0.0550573356449604,0.549591243267059,158,-78.25222,43.26823
6.08185577392578,0.500063538551331,13.4980449676514,29.7722816467285,42.6771049499512,1.18331384658813,0.308206886053085,1.34508538246155,-0.308632791042328,0.325778067111969,0.322444289922714,0.0539223290979862,0.553466558456421,159,-78.33629,43.0364
5.58168458938599,0.646962881088257,17.4532623291016,21.9208984375,54.0851287841797,1.21481955051422,0.281129539012909,1.344318151474,-0.280643880367279,0.201143711805344,0.322784900665283,0.0567055381834507,0.541577577590942,160,-78.195156538803,42.621142768646
5.60226249694824,0.609936594963074,16.7839031219482,22.1979484558105,55.4168281555176,1.21309196949005,0.291861116886139,1.34719228744507,-0.285705924034119,0.227402195334435,0.324523329734802,0.0561307296156883,0.542229533195496,162,-78.1971689801371,42.6234939997768
5.60226249694824,0.609936594963074,16.7839031219482,22.1979484558105,55.4168281555176,1.21309196949005,0.291861116886139,1.34719228744507,-0.285705924034119,0.227402195334435,0.324523329734802,0.0561307296156883,0.542229533195496,163,-78.1971689801371,42.6234939997768
5.4233775138855,0.621643841266632,17.2984352111816,21.2022514343262,52.7868270874023,1.19883036613464,0.29993537068367,1.34084796905518,-0.294447720050812,0.223570764064789,0.318973690271378,0.0556970871984959,0.547611176967621,164,-78.1876013178166,42.6182803110056
5.67273187637329,0.64541095495224,18.4736595153809,21.356029510498,54.4657211303711,1.21380853652954,0.298885703086853,1.33745133876801,-0.292890608310699,0.204686254262924,0.317108571529388,0.0594619885087013,0.541959047317505,165,-78.1822678352516,42.6179430381983
5.58170318603516,0.627199411392212,19.8108520507812,21.4970722198486,52.7242889404297,1.17732417583466,0.269216865301132,1.33640241622925,-0.263131141662598,0.174478903412819,0.315091192722321,0.062031339854002,0.555726706981659,166,-78.181739671658,42.6161322998229
6.11580848693848,0.531611144542694,15.654146194458,24.4883041381836,46.7407379150391,1.17890191078186,0.34761244058609,1.33342289924622,-0.344062507152557,0.259459882974625,0.313765436410904,0.0557955205440521,0.555131316184998,168,-77.93388,42.95511
6.13627576828003,0.526619493961334,13.041015625,30.1313743591309,43.8140335083008,1.24464321136475,0.306713670492172,1.34072268009186,-0.295533776283264,0.333783805370331,0.322798430919647,0.05586227029562,0.530323386192322,169,-78.51999,43.27571
6.14846420288086,0.522507309913635,14.125,29.8562984466553,43.7612953186035,1.20335936546326,0.305447340011597,1.34126353263855,-0.286340534687042,0.230879053473473,0.320817023515701,0.0558892115950584,0.545902132987976,170,-78.3128,43.0838
5.96125173568726,0.482683271169662,10.8959140777588,44.706428527832,35.5498542785645,1.3064751625061,0.242117315530777,1.37329494953156,-0.242465749382973,0.47636753320694,0.337588608264923,0.0504535660147667,0.506990551948547,171,-78.401962,43.304294
5.94905662536621,0.444364607334137,10.481499671936,48.1298828125,33.1780166625977,1.2967643737793,0.209782660007477,1.38407862186432,-0.221917822957039,0.502629637718201,0.343588888645172,0.049570731818676,0.510654926300049,172,-78.402923,43.304516
5.91713523864746,0.481341421604156,12.9716796875,31.9217681884766,39.4756317138672,1.20058822631836,0.302438676357269,1.34834718704224,-0.298393726348877,0.327808290719986,0.325864881277084,0.0539224073290825,0.54694789648056,173,-78.0603,43.0067
6.30723857879639,0.603585362434387,19.9345703125,16.0793571472168,50.1868896484375,1.06986284255981,0.331391274929047,1.31786584854126,-0.328281253576279,0.291674971580505,0.303345412015915,0.0583404265344143,0.596278250217438,174,-78.233333,43.092083
5.88187122344971,0.46875849366188,13.4697561264038,31.0155334472656,41.2078895568848,1.15810966491699,0.309101074934006,1.34984135627747,-0.303281247615814,0.258625268936157,0.325610250234604,0.0527883470058441,0.562977433204651,175,-78.31072,43.08558
5.81785917282104,0.530444741249084,14.095121383667,30.0569610595703,43.9097557067871,1.16090905666351,0.303561300039291,1.34445118904114,-0.2989422082901,0.343976587057114,0.323114335536957,0.0551595315337181,0.561921119689941,176,-78.0492,43.00675
6.02605867385864,0.519995093345642,16.4794311523438,22.2236328125,45.9147071838379,1.21800398826599,0.320737838745117,1.33254873752594,-0.30328768491745,0.241977527737617,0.312958985567093,0.0562990270555019,0.540375947952271,177,-78.34925,43.31714
6.13876438140869,0.542328774929047,15.8841648101807,24.2068634033203,46.0982398986816,1.14240705966949,0.332055598497391,1.33413076400757,-0.329765617847443,0.312653779983521,0.315195024013519,0.0562385991215706,0.568903028964996,178,-78.27445,43.20222
5.55762481689453,0.179316401481628,2.59853649139404,78.9629669189453,12.4970674514771,1.2900390625,0.040776439011097,1.49577605724335,-0.0403515622019768,1.09261441230774,0.409918218851089,0.0283992160111666,0.51319283246994,179,-78.39995,43.28887
5.55762481689453,0.179316401481628,2.59853649139404,78.9629669189453,12.4970674514771,1.2900390625,0.040776439011097,1.49577605724335,-0.0403515622019768,1.09261441230774,0.409918218851089,0.0283992160111666,0.51319283246994,180,-78.3999,43.28888
5.97970485687256,0.483025431632996,11.42711353302,40.4106826782227,39.9769821166992,1.29881954193115,0.286444067955017,1.36178994178772,-0.281746804714203,0.480431884527206,0.332901358604431,0.0507953241467476,0.509879469871521,181,-78.38751,43.31563
5.86096954345703,0.453409761190414,12.908203125,30.471736907959,39.4410018920898,1.1546049118042,0.308539390563965,1.34758305549622,-0.302846014499664,0.258325219154358,0.325325191020966,0.0542594417929649,0.564300060272217,184,-77.9637,42.94387
5.78466033935547,0.461881697177887,12.7614631652832,33.8965187072754,38.5471038818359,1.22415447235107,0.273562550544739,1.36946487426758,-0.268031179904938,0.179097652435303,0.332315266132355,0.0538255833089352,0.538054943084717,185,-78.11517,43.08213
6.11060762405396,0.525753438472748,15.3836755752563,29.4931488037109,45.0861053466797,1.15417647361755,0.301417648792267,1.34476828575134,-0.300703108310699,0.282291531562805,0.322215557098389,0.0540503896772861,0.564461708068848,186,-78.04517,43.03395
5.82387495040894,0.493836760520935,12.8812313079834,31.6335277557373,42.455207824707,1.17939209938049,0.314843505620956,1.35142683982849,-0.305675148963928,0.316998898983002,0.327780723571777,0.0532950311899185,0.55494636297226,187,-78.11565,43.08607
5.73113441467285,0.537395358085632,12.8786687850952,30.9427032470703,47.9627456665039,1.17003917694092,0.313505828380585,1.3520610332489,-0.298592388629913,0.349632859230042,0.328128904104233,0.0524898320436478,0.55847579240799,188,-78.3231,43.08402
6.2042407989502,0.493769526481628,14.3721961975098,31.3076171875,43.6345062255859,1.19074654579163,0.304508447647095,1.3499755859375,-0.299960941076279,0.246242016553879,0.325845658779144,0.0537317767739296,0.550661683082581,189,-77.1226,42.8563
6.0073413848877,0.526308596134186,21.840841293335,20.07421875,46.6294136047363,1.13804304599762,0.306679010391235,1.31560969352722,-0.301912188529968,0.010300487279892,0.303536117076874,0.0600719153881073,0.570549786090851,190,-77.030897,42.873969
6.0073413848877,0.526308596134186,21.840841293335,20.07421875,46.6294136047363,1.13804304599762,0.306679010391235,1.31560969352722,-0.301912188529968,0.010300487279892,0.303536117076874,0.0600719153881073,0.570549786090851,191,-77.030897,42.873969
6.0073413848877,0.526308596134186,21.840841293335,20.07421875,46.6294136047363,1.13804304599762,0.306679010391235,1.31560969352722,-0.301912188529968,0.010300487279892,0.303536117076874,0.0600719153881073,0.570549786090851,192,-77.030897,42.873969
6.0073413848877,0.526308596134186,21.840841293335,20.07421875,46.6294136047363,1.13804304599762,0.306679010391235,1.31560969352722,-0.301912188529968,0.010300487279892,0.303536117076874,0.0600719153881073,0.570549786090851,193,-77.030897,42.873969
6.0073413848877,0.526308596134186,21.840841293335,20.07421875,46.6294136047363,1.13804304599762,0.306679010391235,1.31560969352722,-0.301912188529968,0.010300487279892,0.303536117076874,0.0600719153881073,0.570549786090851,194,-77.030897,42.873969
6.0073413848877,0.526308596134186,21.840841293335,20.07421875,46.6294136047363,1.13804304599762,0.306679010391235,1.31560969352722,-0.301912188529968,0.010300487279892,0.303536117076874,0.0600719153881073,0.570549786090851,195,-77.030897,42.873969
6.0073413848877,0.526308596134186,21.840841293335,20.07421875,46.6294136047363,1.13804304599762,0.306679010391235,1.31560969352722,-0.301912188529968,0.010300487279892,0.303536117076874,0.0600719153881073,0.570549786090851,196,-77.030897,42.873969
6.0073413848877,0.526308596134186,21.840841293335,20.07421875,46.6294136047363,1.13804304599762,0.306679010391235,1.31560969352722,-0.301912188529968,0.010300487279892,0.303536117076874,0.0600719153881073,0.570549786090851,197,-77.030897,42.873969
6.0073413848877,0.526308596134186,21.840841293335,20.07421875,46.6294136047363,1.13804304599762,0.306679010391235,1.31560969352722,-0.301912188529968,0.010300487279892,0.303536117076874,0.0600719153881073,0.570549786090851,198,-77.030897,42.873969
6.0073413848877,0.526308596134186,21.840841293335,20.07421875,46.6294136047363,1.13804304599762,0.306679010391235,1.31560969352722,-0.301912188529968,0.010300487279892,0.303536117076874,0.0600719153881073,0.570549786090851,199,-77.030897,42.873969
6.45039796829224,0.484609365463257,14.12890625,32.1666679382324,43.7013702392578,1.15874147415161,0.301755130290985,1.35730910301208,-0.305034130811691,0.261570751667023,0.330956161022186,0.0514732748270035,0.562739074230194,200,-77.1237,42.8563
6.0073413848877,0.526308596134186,21.840841293335,20.07421875,46.6294136047363,1.13804304599762,0.306679010391235,1.31560969352722,-0.301912188529968,0.010300487279892,0.303536117076874,0.0600719153881073,0.570549786090851,201,-77.030897,42.873969
6.0073413848877,0.526308596134186,21.840841293335,20.07421875,46.6294136047363,1.13804304599762,0.306679010391235,1.31560969352722,-0.301912188529968,0.010300487279892,0.303536117076874,0.0600719153881073,0.570549786090851,202,-77.030897,42.873969
6.0073413848877,0.526308596134186,21.840841293335,20.07421875,46.6294136047363,1.13804304599762,0.306679010391235,1.31560969352722,-0.301912188529968,0.010300487279892,0.303536117076874,0.0600719153881073,0.570549786090851,203,-77.030897,42.873969
6.0073413848877,0.526308596134186,21.840841293335,20.07421875,46.6294136047363,1.13804304599762,0.306679010391235,1.31560969352722,-0.301912188529968,0.010300487279892,0.303536117076874,0.0600719153881073,0.570549786090851,204,-77.030897,42.873969
5.93599796295166,0.461813300848007,13.62109375,37.2036285400391,41.0678024291992,1.12583184242249,0.223940640687943,1.36945390701294,-0.225513190031052,0.325071692466736,0.338447332382202,0.0504790619015694,0.575157880783081,205,-77.1232,42.7731
6.23484086990356,0.535116910934448,13.8545541763306,27.4560089111328,44.1950149536133,1.23205280303955,0.305066794157028,1.34515857696533,-0.301403492689133,0.363858461380005,0.324270486831665,0.0542252399027348,0.535074412822723,206,-77.0787,42.9452
6.28020286560059,0.568076193332672,16.7774505615234,24.5711498260498,48.3951988220215,1.12040150165558,0.310496538877487,1.33720672130585,-0.316679686307907,0.271588325500488,0.317576318979263,0.0548031032085419,0.577206969261169,207,-77.0087,42.7717
6.2056131362915,0.506974577903748,13.9604873657227,32.5226173400879,43.0180511474609,1.18863010406494,0.300002664327621,1.36117911338806,-0.291953146457672,0.230560094118118,0.329552531242371,0.0525024235248566,0.551460325717926,208,-77.0918,42.825
6.31963443756104,0.498486310243607,16.0625,28.7490234375,44.9273147583008,1.15910160541534,0.298138946294785,1.34363389015198,-0.292436629533768,0.248717844486237,0.322014689445496,0.052962101995945,0.562603175640106,209,-77.0708,42.839
6.15030479431152,0.555234134197235,23.5859375,17.7419509887695,49.0332717895508,1.09560537338257,0.335827589035034,1.30718803405762,-0.328487813472748,0.0519845299422741,0.298114478588104,0.0627617239952087,0.586564004421234,210,-77.1328,42.7806
6.0073413848877,0.526308596134186,21.840841293335,20.07421875,46.6294136047363,1.13804304599762,0.306679010391235,1.31560969352722,-0.301912188529968,0.010300487279892,0.303536117076874,0.0600719153881073,0.570549786090851,211,-77.030897,42.873969
6.44032907485962,0.623606264591217,19.1594905853271,14.716796875,50.3832626342773,1.04818534851074,0.329667568206787,1.3162317276001,-0.318181812763214,0.168654948472977,0.302367776632309,0.056885439902544,0.604458332061768,212,-78.14972,43.24408
6.1404128074646,0.527507305145264,14.6547508239746,26.7189636230469,44.5519104003906,1.17941176891327,0.287513673305511,1.34468114376068,-0.270624995231628,0.232034295797348,0.322430491447449,0.055465891957283,0.554938971996307,213,-78.24853,43.22532
6.14885902404785,0.583219170570374,15.326340675354,25.3336601257324,47.4716262817383,1.13424944877625,0.309299796819687,1.33533143997192,-0.309637606143951,0.326705515384674,0.317083179950714,0.0564534887671471,0.571981310844421,214,-78.12217,43.27502
5.7502613067627,0.624824345111847,18.3070526123047,22.4530334472656,53.9228515625,1.23324847221375,0.296582370996475,1.34137427806854,-0.285497069358826,0.170077830553055,0.319579839706421,0.0587038174271584,0.534623205661774,238,-78.183,42.6196
5.62060022354126,0.517514646053314,11.8714561462402,35.9878311157227,45.9250755310059,1.4063173532486,0.259863048791885,1.40018320083618,-0.256491243839264,0.441990554332733,0.35428312420845,0.0492015592753887,0.469314247369766,239,-78.1783,42.6134
5.85840749740601,0.654834449291229,12.4254903793335,31.1764144897461,47.9729614257812,1.26083981990814,0.225425541400909,1.37602341175079,-0.232592582702637,0.549890875816345,0.342259496450424,0.0511890836060047,0.524211406707764,240,-78.1328,42.6378
5.52852535247803,0.490765869617462,11.4990215301514,33.8434448242188,47.4578819274902,1.40400385856628,0.28808319568634,1.39282751083374,-0.296520054340363,0.426033079624176,0.351256608963013,0.0485160686075687,0.470187246799469,241,-78.1035,42.605
5.52852535247803,0.490765869617462,11.4990215301514,33.8434448242188,47.4578819274902,1.40400385856628,0.28808319568634,1.39282751083374,-0.296520054340363,0.426033079624176,0.351256608963013,0.0485160686075687,0.470187246799469,242,-78.1035,42.605
5.31597089767456,0.620630502700806,15.4462375640869,23.4053649902344,52.0499000549316,1.21676445007324,0.273663401603699,1.35265159606934,-0.266223102807999,0.257497221231461,0.327573925256729,0.0538911558687687,0.540843605995178,243,-78.1774,42.6891
5.62060022354126,0.517514646053314,11.8714561462402,35.9878311157227,45.9250755310059,1.4063173532486,0.259863048791885,1.40018320083618,-0.256491243839264,0.441990554332733,0.35428312420845,0.0492015592753887,0.469314247369766,244,-78.1783,42.6134
5.62060022354126,0.517514646053314,11.8714561462402,35.9878311157227,45.9250755310059,1.4063173532486,0.259863048791885,1.40018320083618,-0.256491243839264,0.441990554332733,0.35428312420845,0.0492015592753887,0.469314247369766,245,-78.1783,42.6134
5.62060022354126,0.517514646053314,11.8714561462402,35.9878311157227,45.9250755310059,1.4063173532486,0.259863048791885,1.40018320083618,-0.256491243839264,0.441990554332733,0.35428312420845,0.0492015592753887,0.469314247369766,246,-78.1783,42.6134
5.62060022354126,0.517514646053314,11.8714561462402,35.9878311157227,45.9250755310059,1.4063173532486,0.259863048791885,1.40018320083618,-0.256491243839264,0.441990554332733,0.35428312420845,0.0492015592753887,0.469314247369766,247,-78.1783,42.6134
6.21290349960327,0.483641237020493,14.7919921875,31.7977466583252,42.74853515625,1.14362752437592,0.284262359142303,1.353515625,-0.281970739364624,0.280848741531372,0.328005880117416,0.0522580035030842,0.568442523479462,248,-77.0617,42.7187
6.08859157562256,0.464678019285202,14.3064517974854,33.3658180236816,41.8486785888672,1.13565564155579,0.26670229434967,1.35993409156799,-0.271200001239777,0.274838417768478,0.333582937717438,0.0516848228871822,0.571450710296631,249,-77.0983,42.76358
6.14875507354736,0.466904282569885,14.2028350830078,32.6095886230469,42.2923965454102,1.13421559333801,0.288809061050415,1.35625600814819,-0.286562204360962,0.268712610006332,0.331912279129028,0.0519338510930538,0.571994066238403,250,-77.086,42.7369
5.91281414031982,0.454246580600739,13.8037109375,32.1058540344238,40.060546875,1.12914061546326,0.263619303703308,1.35832917690277,-0.26411360502243,0.289031684398651,0.332046329975128,0.0519356057047844,0.573909282684326,251,-77.08832,42.76375
6.26900100708008,0.480014622211456,15.1728515625,32.0014724731445,42.4254913330078,1.15359377861023,0.304633617401123,1.34854590892792,-0.30398827791214,0.244235709309578,0.324824213981628,0.053211648017168,0.564681589603424,252,-77.0727,42.7542
6.18256568908691,0.499439001083374,13.1819953918457,32.8091278076172,42.4716796875,1.16106748580933,0.259059309959412,1.35932624340057,-0.262382805347443,0.341834485530853,0.332977056503296,0.0517281591892242,0.561861276626587,253,-77.0565,42.7291
5.11046409606934,0.72999507188797,10.3246822357178,28.844425201416,50.369140625,1.24147891998291,0.287081897258759,1.37279844284058,-0.293281257152557,0.424480438232422,0.337487280368805,0.0450146049261093,0.531517386436462,254,-79.319282,42.289715
5.46775722503662,0.502246081829071,11.3396873474121,39.672550201416,43.7897834777832,1.44994127750397,0.220052167773247,1.41179060935974,-0.225742191076279,0.460708290338516,0.363324582576752,0.0477248802781105,0.452852338552475,255,-79.179086,42.493229
5.96585559844971,0.534169912338257,18.4540100097656,14.3137264251709,61.2621841430664,1.22509288787842,0.436990141868591,1.31061637401581,-0.445117175579071,0.286645591259003,0.299400210380554,0.0565951205790043,0.537700831890106,256,-79.197042,42.496527
6.03818702697754,0.565615832805634,26.5313110351562,10.8326845169067,51.0767364501953,1.07211136817932,0.352804839611053,1.2933908700943,-0.333723217248917,-0.0460287667810917,0.284993648529053,0.0695886388421059,0.595429658889771,257,-77.030196,42.871549
6.26307535171509,0.482353538274765,12.6124153137207,36.0630493164062,40.2309951782227,1.22931432723999,0.293952107429504,1.35885870456696,-0.293560981750488,0.315594077110291,0.333859086036682,0.0515531711280346,0.536107778549194,258,-77.109516,42.8957
6.1293511390686,0.509765625,14.1771039962769,30.025390625,41.8115234375,1.17367029190063,0.294363439083099,1.34891247749329,-0.294296860694885,0.326793968677521,0.325432956218719,0.0540464669466019,0.557105541229248,259,-77.123602,42.900754
6.17439794540405,0.495821923017502,14.1565856933594,30.880392074585,43.0849609375,1.16176927089691,0.302737057209015,1.35051274299622,-0.301992177963257,0.274222820997238,0.325826168060303,0.0534385293722153,0.561596512794495,260,-77.126904,42.900715
5.83281707763672,0.445009768009186,13.0835781097412,32.3892135620117,38.3273162841797,1.16333985328674,0.311849921941757,1.35217714309692,-0.306087791919708,0.257257252931595,0.32815882563591,0.0540272109210491,0.561003804206848,261,-77.130933,42.900687
6.1293511390686,0.509765625,14.1771039962769,30.025390625,41.8115234375,1.17367029190063,0.294363439083099,1.34891247749329,-0.294296860694885,0.326793968677521,0.325432956218719,0.0540464669466019,0.557105541229248,262,-77.123597,42.900718
6.01027679443359,0.523219168186188,21.3154296875,20.8743896484375,46.3904113769531,1.1422221660614,0.304981857538223,1.31780815124512,-0.301133900880814,0.016731696203351,0.304760962724686,0.0588893219828606,0.568972766399384,263,-77.030947,42.874403
6.25554370880127,0.570126950740814,20.3908386230469,20.28125,49.4510269165039,1.0949170589447,0.332168877124786,1.31762194633484,-0.330526322126389,0.189407020807266,0.305937826633453,0.0567922368645668,0.586823701858521,264,-77.028601,42.868835
6.01027679443359,0.523219168186188,21.3154296875,20.8743896484375,46.3904113769531,1.1422221660614,0.304981857538223,1.31780815124512,-0.301133900880814,0.016731696203351,0.304760962724686,0.0588893219828606,0.568972766399384,265,-77.030947,42.874403
6.01027679443359,0.523219168186188,21.3154296875,20.8743896484375,46.3904113769531,1.1422221660614,0.304981857538223,1.31780815124512,-0.301133900880814,0.016731696203351,0.304760962724686,0.0588893219828606,0.568972766399384,266,-77.030947,42.874403
6.01027679443359,0.523219168186188,21.3154296875,20.8743896484375,46.3904113769531,1.1422221660614,0.304981857538223,1.31780815124512,-0.301133900880814,0.016731696203351,0.304760962724686,0.0588893219828606,0.568972766399384,267,-77.030947,42.874403
6.01027679443359,0.523219168186188,21.3154296875,20.8743896484375,46.3904113769531,1.1422221660614,0.304981857538223,1.31780815124512,-0.301133900880814,0.016731696203351,0.304760962724686,0.0588893219828606,0.568972766399384,268,-77.030947,42.874403
6.01027679443359,0.523219168186188,21.3154296875,20.8743896484375,46.3904113769531,1.1422221660614,0.304981857538223,1.31780815124512,-0.301133900880814,0.016731696203351,0.304760962724686,0.0588893219828606,0.568972766399384,269,-77.030947,42.874403
6.01027679443359,0.523219168186188,21.3154296875,20.8743896484375,46.3904113769531,1.1422221660614,0.304981857538223,1.31780815124512,-0.301133900880814,0.016731696203351,0.304760962724686,0.0588893219828606,0.568972766399384,270,-77.030947,42.874403
6.01027679443359,0.523219168186188,21.3154296875,20.8743896484375,46.3904113769531,1.1422221660614,0.304981857538223,1.31780815124512,-0.301133900880814,0.016731696203351,0.304760962724686,0.0588893219828606,0.568972766399384,271,-77.030947,42.874403
6.25554370880127,0.570126950740814,20.3908386230469,20.28125,49.4510269165039,1.0949170589447,0.332168877124786,1.31762194633484,-0.330526322126389,0.189407020807266,0.305937826633453,0.0567922368645668,0.586823701858521,272,-77.028601,42.868835
5.3452410697937,0.514307975769043,11.7093935012817,27.9214649200439,51.9931640625,1.34722650051117,0.318394094705582,1.37838697433472,-0.319649785757065,0.37786191701889,0.34181347489357,0.0479649156332016,0.491612672805786,305,-78.148559,42.651475
5.32129573822021,0.427392601966858,10.7000007629395,36.5964889526367,44.5273971557617,1.42840456962585,0.316361963748932,1.39870357513428,-0.316429257392883,0.415476858615875,0.351189792156219,0.0465200394392014,0.460979372262955,306,-79.315536,42.282669
5.58321857452393,0.485068500041962,12.0034208297729,32.5807075500488,50.0915756225586,1.41748046875,0.382480442523956,1.37880969047546,-0.376565873622894,0.463926136493683,0.340468764305115,0.049601174890995,0.465101718902588,307,-79.310737,42.283685
5.28895425796509,0.663354396820068,15.4482421875,20.2116508483887,54.7362747192383,1.15391778945923,0.338715612888336,1.34403657913208,-0.333106160163879,0.277014225721359,0.319425642490387,0.0540117174386978,0.56455934047699,308,-78.201134,42.678942
5.46379899978638,0.455731689929962,11.3076171875,38.2438888549805,44.3191604614258,1.46076166629791,0.266592025756836,1.40846371650696,-0.261010706424713,0.383673369884491,0.360391199588776,0.0479393973946571,0.448769181966782,309,-78.204469,42.68339
5.39358139038086,0.596506834030151,15.5429267883301,23.7658863067627,54.1235275268555,1.22152042388916,0.26885712146759,1.35664796829224,-0.274921894073486,0.2243512570858,0.330491214990616,0.0545364394783974,0.539048910140991,310,-78.216749,42.659789
5.3452410697937,0.514307975769043,11.7093935012817,27.9214649200439,51.9931640625,1.34722650051117,0.318394094705582,1.37838697433472,-0.319649785757065,0.37786191701889,0.34181347489357,0.0479649156332016,0.491612672805786,311,-78.148559,42.651475
5.49389457702637,0.49609163403511,12.1699314117432,33.9556083679199,47.435546875,1.40535616874695,0.279204130172729,1.39170324802399,-0.2819844186306,0.375144898891449,0.349556654691696,0.0500468313694,0.469676971435547,312,-78.146442,42.65298
5.3452410697937,0.514307975769043,11.7093935012817,27.9214649200439,51.9931640625,1.34722650051117,0.318394094705582,1.37838697433472,-0.319649785757065,0.37786191701889,0.34181347489357,0.0479649156332016,0.491612672805786,313,-78.148559,42.651475
5.40366363525391,0.477773427963257,10.9404296875,34.8622207641602,46.1614608764648,1.41628289222717,0.305367052555084,1.39771950244904,-0.312427222728729,0.403603255748749,0.352251708507538,0.0478149950504303,0.465553641319275,314,-78.164439,42.652363
6.15122222900391,0.508890509605408,17.9970817565918,17.5918846130371,57.6257286071777,1.2265328168869,0.381118953227997,1.32251465320587,-0.372507274150848,0.24350006878376,0.306916266679764,0.0554712191224098,0.537157475948334,315,-78.0287,43.3545
5.94080877304077,0.527602791786194,14.3523950576782,31.4326820373535,41.8958969116211,1.18244886398315,0.281877815723419,1.3561155796051,-0.274598836898804,0.296227693557739,0.327509760856628,0.0547339804470539,0.553792953491211,316,-77.924033,42.967083
6.20899248123169,0.581217050552368,16.8552513122559,21.0517578125,50.501953125,1.14082193374634,0.361626744270325,1.32847356796265,-0.360039055347443,0.289136111736298,0.311719924211502,0.0559883490204811,0.569501161575317,317,-77.94375,42.955467
6.28582906723022,0.499652981758118,14.0340461730957,31.2711200714111,42.787109375,1.19595289230347,0.295439690351486,1.34962201118469,-0.282339155673981,0.253543764352798,0.326120585203171,0.0559611618518829,0.548697054386139,318,-78.23565,43.013933
5.75532579421997,0.446054697036743,11.3318672180176,38.5711517333984,36.5282096862793,1.18990242481232,0.186345174908638,1.38439345359802,-0.187585532665253,0.498991310596466,0.34181022644043,0.0503388494253159,0.55098021030426,319,-78.2988,43.010617
5.75532579421997,0.446054697036743,11.3318672180176,38.5711517333984,36.5282096862793,1.18990242481232,0.186345174908638,1.38439345359802,-0.187585532665253,0.498991310596466,0.34181022644043,0.0503388494253159,0.55098021030426,320,-78.2988,43.01065
6.22322559356689,0.531744837760925,14.6481475830078,29.1797256469727,45.5402374267578,1.17822265625,0.315348207950592,1.344402551651,-0.313606232404709,0.260273516178131,0.322463810443878,0.055189922451973,0.555387675762177,321,-78.327367,43.033133
6.15756511688232,0.512158155441284,18.15625,17.095516204834,57.1868286132812,1.21248042583466,0.37517312169075,1.3244012594223,-0.379805266857147,0.268754512071609,0.307321131229401,0.0563313812017441,0.542460203170776,322,-78.027167,43.354683
6.03899717330933,0.4934261739254,13.4266147613525,29.9142990112305,45.251708984375,1.23969638347626,0.3159159719944,1.3496218919754,-0.306217014789581,0.316528856754303,0.32612606883049,0.0547782108187675,0.532190084457397,323,-77.912983,42.95435
5.91049909591675,0.501979470252991,12.9091796875,35.9658889770508,38.9500999450684,1.19244384765625,0.221296772360802,1.37152433395386,-0.218828126788139,0.522918105125427,0.33797162771225,0.0522923544049263,0.550021231174469,324,-78.2772,43.046717
6.15072059631348,0.486583590507507,12.4814281463623,33.926197052002,40.6978454589844,1.2231502532959,0.300987124443054,1.35558414459229,-0.300273716449738,0.330373108386993,0.330878525972366,0.0525733716785908,0.538433909416199,325,-78.349467,43.03395
6.02793312072754,0.538160979747772,16.8196487426758,23.4228515625,46.411563873291,1.20480465888977,0.341127544641495,1.32998037338257,-0.329678654670715,0.221096307039261,0.309655666351318,0.0578373670578003,0.545356750488281,326,-78.403233,43.099467
6.0761137008667,0.827738702297211,15.100980758667,22.1455078125,50.4294776916504,1.24085938930511,0.449461758136749,1.31986582279205,-0.445209741592407,0.419252395629883,0.306586086750031,0.0564468279480934,0.531751215457916,327,-78.403233,43.099433
5.94053936004639,0.528698623180389,13.4306640625,32.0546875,41.708869934082,1.20784950256348,0.259158670902252,1.35981440544128,-0.250733137130737,0.469995588064194,0.331368446350098,0.0531136989593506,0.544207811355591,328,-78.277183,43.047167
5.90993404388428,0.344667673110962,7.25464344024658,63.3515625,22.6890830993652,1.27742910385132,0.0460516884922981,1.43500733375549,-0.0513365864753723,0.721741199493408,0.38528773188591,0.0431171879172325,0.517951309680939,329,-78.404867,43.298333
5.88798046112061,0.362724602222443,8.54985332489014,60.6087188720703,23.8414630889893,1.28629267215729,0.090241476893425,1.41829180717468,-0.101130604743958,0.626004219055176,0.375220715999603,0.0454586185514927,0.514606535434723,330,-78.405283,43.29915
5.87369537353516,0.386164367198944,7.15166330337524,62.1416015625,21.481481552124,1.3192982673645,0.118180081248283,1.41913414001465,-0.110546879470348,0.677348852157593,0.371294528245926,0.0445263162255287,0.502151608467102,331,-78.405417,43.300267
5.97369146347046,0.599216222763062,15.4111328125,13.259765625,62.6337890625,1.23277342319489,0.519955396652222,1.30848836898804,-0.517799437046051,0.251859664916992,0.296260476112366,0.059210579842329,0.534802496433258,332,-78.404583,43.304683
6.36856889724731,0.768580496311188,14.4441184997559,41.7658843994141,40.9383544921875,1.28847813606262,0.331698000431061,1.33017575740814,-0.343082904815674,0.391728281974792,0.312849998474121,0.0584960952401161,0.513781905174255,333,-78.349533,43.033467
6.15729475021362,0.499234139919281,17.5966796875,15.3305578231812,59.6843872070312,1.24925637245178,0.415258526802063,1.32437562942505,-0.415793597698212,0.225978314876556,0.308073103427887,0.0564591437578201,0.528582572937012,334,-78.026567,43.3546
6.10432434082031,0.560834109783173,14.1923828125,29.1128387451172,45.3878059387207,1.17526423931122,0.295908033847809,1.34429371356964,-0.29016649723053,0.374673694372177,0.324405014514923,0.0561187937855721,0.556504130363464,335,-77.950467,42.958317
6.06722927093506,0.502937436103821,13.3708410263062,32.2726821899414,41.3540649414062,1.18397843837738,0.294217348098755,1.35151362419128,-0.294095814228058,0.308065354824066,0.328083574771881,0.0536011606454849,0.553215622901917,336,-78.277233,43.045317
6.02884340286255,0.472668290138245,15.4560546875,30.0765857696533,41.8515625,1.16258323192596,0.308703660964966,1.34448933601379,-0.298005878925323,0.204535961151123,0.322133183479309,0.0540425926446915,0.561289429664612,337,-77.949733,42.9173
6.15729475021362,0.499234139919281,17.5966796875,15.3305578231812,59.6843872070312,1.24925637245178,0.415258526802063,1.32437562942505,-0.415793597698212,0.225978314876556,0.308073103427887,0.0564591437578201,0.528582572937012,338,-78.026517,43.354583
6.11496162414551,0.545487344264984,16.3662109375,21.0666999816895,49.025390625,1.19706916809082,0.311452507972717,1.33386945724487,-0.314697831869125,0.351375043392181,0.31591609120369,0.0552734397351742,0.548275828361511,339,-78.361067,43.02385
5.68203163146973,0.475821912288666,12.5,35.2079658508301,45.8572845458984,1.38383555412292,0.305519104003906,1.38525390625,-0.309892892837524,0.514886260032654,0.345652490854263,0.0501518994569778,0.47779792547226,340,-78.015683,42.56575
5.53799200057983,0.629326164722443,16.6964817047119,22.333984375,54.8268127441406,1.21512722969055,0.286754906177521,1.34638667106628,-0.280215084552765,0.200076252222061,0.323824554681778,0.0563274882733822,0.54146146774292,341,-78.388433,42.566
5.08133316040039,0.589015603065491,13.357421875,23.5422801971436,53.9320640563965,1.25046873092651,0.335018783807755,1.35032987594604,-0.333203136920929,0.356614530086517,0.322908222675323,0.0525606200098991,0.528125047683716,342,-78.015683,42.568217
6.34604740142822,0.602360725402832,14.8313732147217,26.3628787994385,46.5681610107422,1.19131124019623,0.221933677792549,1.35734868049622,-0.224956095218658,0.375899881124496,0.33154708147049,0.0540077798068523,0.550448656082153,343,-78.385867,42.6165
5.93532848358154,0.495546877384186,13.18199634552,31.5858535766602,39.5460357666016,1.18681943416595,0.297907114028931,1.35734868049622,-0.286432087421417,0.333081275224686,0.328249514102936,0.0537861958146095,0.552143573760986,344,-77.947288,42.915914
5.32048511505127,0.633292675018311,14.9580078125,22.3675155639648,55.4130859375,1.20886611938477,0.327647387981415,1.34867072105408,-0.330058485269547,0.324153542518616,0.324230194091797,0.0544233024120331,0.543824136257172,345,-78.01205,42.562367
6.00897741317749,0.535439848899841,12.845064163208,28.5554466247559,47.0141754150391,1.25674486160278,0.302107214927673,1.35973858833313,-0.298709690570831,0.505240380764008,0.32644721865654,0.0542364344000816,0.525756657123566,346,-78.2985,43.000383
5.20652055740356,0.573424696922302,12.7302436828613,28.5087718963623,49.7178611755371,1.27514183521271,0.281122833490372,1.37016415596008,-0.284868061542511,0.338152647018433,0.338578939437866,0.0502140074968338,0.518814444541931,347,-78.024433,42.5473
5.12835454940796,0.581523060798645,11.9785575866699,25.838207244873,52.0949096679688,1.23960947990417,0.295211851596832,1.36870121955872,-0.295933544635773,0.350838959217072,0.336289644241333,0.0481439679861069,0.532222867012024,348,-78.026583,42.548383
6.09026050567627,0.556446731090546,15.4354209899902,24.1487274169922,47.3330078125,1.2004976272583,0.339901119470596,1.33488762378693,-0.337426900863647,0.291407704353333,0.315933883190155,0.0561317838728428,0.546982049942017,349,-77.926367,42.954717
6.11456680297852,0.525009751319885,15.4696674346924,27.8477420806885,46.1968765258789,1.14426612854004,0.305450022220612,1.34136128425598,-0.306412518024445,0.291043877601624,0.321449220180511,0.0550164878368378,0.568201422691345,350,-77.9625,42.955717
5.87764835357666,0.499990224838257,12.798828125,30.3732948303223,39.8996124267578,1.17688226699829,0.298281073570251,1.34913241863251,-0.287656247615814,0.355747282505035,0.326356589794159,0.0537087395787239,0.555893540382385,351,-78.3494,43.027367
6.14520978927612,0.481656908988953,14.2614841461182,30.9789409637451,42.9682922363281,1.18778431415558,0.317190706729889,1.34669518470764,-0.312604904174805,0.251187115907669,0.323801457881927,0.0533598437905312,0.551779568195343,352,-78.3538,43.029467
5.92322778701782,0.501083970069885,12.6396484375,42.3671875,34.9468307495117,1.30411541461945,0.26745817065239,1.34934079647064,-0.265456318855286,0.41570246219635,0.325727224349976,0.0561550408601761,0.507881045341492,353,-77.968783,43.283683
6.13105964660645,0.502861320972443,13.353515625,29.2553596496582,47.1471176147461,1.21638667583466,0.286562502384186,1.35879278182983,-0.285426020622253,0.392844438552856,0.327714085578918,0.051930096000433,0.540986180305481,354,-78.363417,43.024133
6.00769424438477,0.535058617591858,11.7834796905518,41.3333358764648,32.3325119018555,1.32015657424927,0.318109303712845,1.3400559425354,-0.314609378576279,0.476880460977554,0.320825517177582,0.0545097291469574,0.501827716827393,355,-77.967567,43.286467
6.39304399490356,0.601917803287506,18.7801170349121,16.9330406188965,46.7250480651855,1.07714700698853,0.298432469367981,1.32050776481628,-0.284804701805115,0.158211946487427,0.305382132530212,0.0580545850098133,0.593529462814331,356,-78.26795,43.098783
5.93408203125,0.532187461853027,12.5566959381104,32.4833984375,41.6982421875,1.24225056171417,0.29408472776413,1.35782790184021,-0.281490206718445,0.310310065746307,0.326374143362045,0.0545014552772045,0.531226217746735,357,-78.0156,43.318433
6.07404327392578,0.548614144325256,14.6921949386597,26.9557971954346,45.385181427002,1.20807206630707,0.315095543861389,1.33994150161743,-0.317115008831024,0.326828598976135,0.32027941942215,0.0552388317883015,0.544123768806458,358,-77.924367,42.954467
5.97098159790039,0.52033656835556,18.0518589019775,25.4990234375,46.8372535705566,1.22004902362823,0.26841002702713,1.34015595912933,-0.274126827716827,0.243429392576218,0.314423441886902,0.0580739304423332,0.539604187011719,359,-78.015933,43.33645
5.97098159790039,0.52033656835556,18.0518589019775,25.4990234375,46.8372535705566,1.22004902362823,0.26841002702713,1.34015595912933,-0.274126827716827,0.243429392576218,0.314423441886902,0.0580739304423332,0.539604187011719,360,-78.015933,43.336483
5.90370273590088,0.521617770195007,13.2939453125,31.0284309387207,45.3883438110352,1.15076315402985,0.280519992113113,1.35600590705872,-0.279140621423721,0.318337738513947,0.330290228128433,0.0520737878978252,0.565749764442444,361,-78.032933,43.0114
6.1221170425415,0.578700125217438,17.978048324585,20.3191604614258,51.3954048156738,1.15256357192993,0.366061061620712,1.32281708717346,-0.369590640068054,0.355892330408096,0.30760645866394,0.0585019439458847,0.565070331096649,362,-78.038433,43.011417
6.10740756988525,0.55897843837738,9.77707290649414,53.9009742736816,44.2901992797852,1.17443788051605,0.039487861096859,1.42601418495178,-0.0384615436196327,0.593399703502655,0.371915996074677,0.0428109169006348,0.55681586265564,363,-78.02672,42.55247
6.17865037918091,0.562470674514771,16.0694732666016,20.5966796875,54.0976448059082,1.18042039871216,0.4148810505867,1.32576823234558,-0.413424134254456,0.3608478307724,0.310884773731232,0.0566796101629734,0.554558396339417,364,-78.365517,42.962133
6.17865037918091,0.562470674514771,16.0694732666016,20.5966796875,54.0976448059082,1.18042039871216,0.4148810505867,1.32576823234558,-0.413424134254456,0.3608478307724,0.310884773731232,0.0566796101629734,0.554558396339417,365,-78.365467,42.962133
5.80801963806152,0.475791037082672,13.8801174163818,33.2014617919922,38.6999969482422,1.20540118217468,0.259380221366882,1.36406397819519,-0.255941450595856,0.242826908826828,0.329649567604065,0.0535809919238091,0.545131683349609,366,-78.115633,43.1061
6.02281808853149,0.553242206573486,13.1183948516846,29.7987270355225,42.7587890625,1.19719839096069,0.315887182950974,1.34423172473907,-0.311635613441467,0.402746617794037,0.321588784456253,0.0543026179075241,0.54822701215744,367,-78.045183,43.003683
6.07119798660278,0.488356173038483,12.607421875,32.0580520629883,39.5887832641602,1.18154072761536,0.290040343999863,1.35423171520233,-0.289140641689301,0.370178580284119,0.329640746116638,0.0530524253845215,0.55413556098938,368,-78.067828,43.006425
6.00190258026123,0.535371422767639,14.3543500900269,30.2229862213135,46.0497055053711,1.17259764671326,0.258385986089706,1.35125851631165,-0.259062498807907,0.349668145179749,0.325281798839569,0.052033044397831,0.557510316371918,369,-78.2116,43.3453
6.02709865570068,0.522890567779541,16.1692848205566,22.7614631652832,45.8362808227539,1.2112683057785,0.279879689216614,1.33837795257568,-0.278945326805115,0.337152808904648,0.317681461572647,0.0519357360899448,0.542917609214783,370,-78.202717,43.350667
5.91137409210205,0.517195105552673,14.3944282531738,30.0897960662842,43.3540649414062,1.26274693012238,0.28684937953949,1.34580898284912,-0.280723363161087,0.330841243267059,0.32345312833786,0.054217055439949,0.523491740226746,371,-78.345855,43.305544
6.1123309135437,0.53153657913208,13.88671875,27.8764724731445,43.722225189209,1.22246325016022,0.284026086330414,1.34133672714233,-0.274701863527298,0.317666471004486,0.320544064044952,0.0558467507362366,0.538693189620972,372,-78.345061,43.305591
6.12768363952637,0.524246573448181,14.884765625,23.0588226318359,53.5176620483398,1.23467373847961,0.30810734629631,1.34877920150757,-0.308156073093414,0.346319586038589,0.325342118740082,0.0533261932432652,0.534085392951965,373,-78.256467,43.338233
5.83935832977295,0.524229288101196,15.9526824951172,30.5530452728271,44.181999206543,1.25436401367188,0.244126722216606,1.34806752204895,-0.234243899583817,0.326540112495422,0.325210928916931,0.0561610087752342,0.526655077934265,374,-78.346417,43.304533
5.90579223632812,0.425752699375153,8.64565086364746,55.9633407592773,25.5470123291016,1.30056750774384,0.168901324272156,1.40458202362061,-0.167121946811676,0.607658803462982,0.358424812555313,0.0465552285313606,0.509219765663147,375,-78.390367,43.309683
6.12768363952637,0.524246573448181,14.884765625,23.0588226318359,53.5176620483398,1.23467373847961,0.30810734629631,1.34877920150757,-0.308156073093414,0.346319586038589,0.325342118740082,0.0533261932432652,0.534085392951965,376,-78.256583,43.338233
5.81107425689697,0.470847964286804,9.306640625,56.607421875,23.9501953125,1.34177732467651,0.229398667812347,1.37877559661865,-0.229354187846184,0.526918590068817,0.340521484613419,0.0484023466706276,0.49366894364357,377,-78.396983,43.309467
6.04904222488403,0.490151226520538,12.2263870239258,34.0283203125,40.9053268432617,1.29252910614014,0.309937477111816,1.34855961799622,-0.298126816749573,0.337528914213181,0.326008766889572,0.0544237121939659,0.512253165245056,378,-78.393583,43.309567
5.81107425689697,0.470847964286804,9.306640625,56.607421875,23.9501953125,1.34177732467651,0.229398667812347,1.37877559661865,-0.229354187846184,0.526918590068817,0.340521484613419,0.0484023466706276,0.49366894364357,379,-78.397017,43.309467
5.83383226394653,0.455898404121399,9.42982482910156,52.2573394775391,27.9867782592773,1.31667971611023,0.205737769603729,1.39281332492828,-0.205898433923721,0.477885603904724,0.344804406166077,0.0496989265084267,0.503139734268188,380,-78.396617,43.30955
5.8681001663208,0.465126931667328,12.8395128250122,31.6906604766846,38.0365867614746,1.18258309364319,0.30270928144455,1.35173344612122,-0.296803116798401,0.290982633829117,0.325386732816696,0.0534091331064701,0.553742229938507,381,-77.960083,42.9436
6.00552845001221,0.511936545372009,13.8401765823364,32.279411315918,42.1080169677734,1.2228125333786,0.269122302532196,1.36210978031158,-0.272942304611206,0.159368991851807,0.326843112707138,0.0554601922631264,0.538561344146729,382,-78.40345,43.092933
6.15659999847412,0.640810549259186,20.6676425933838,17.0161285400391,52.0634765625,1.12156248092651,0.385490119457245,1.30937194824219,-0.388265073299408,0.237672358751297,0.298381954431534,0.0616899207234383,0.57676887512207,383,-78.363167,42.962383
5.99239158630371,0.544287085533142,16.7783203125,21.2015647888184,49.2276229858398,1.18480539321899,0.3731489777565,1.32585453987122,-0.373255372047424,0.325672447681427,0.308819353580475,0.0593798458576202,0.552903652191162,384,-77.9805,42.939233
5.88464689254761,0.457097560167313,12.1294116973877,32.6978645324707,37.3232421875,1.21300005912781,0.306180775165558,1.35067200660706,-0.305703103542328,0.323670029640198,0.327464908361435,0.0530947744846344,0.54226416349411,385,-78.0525,42.985067
6.02092742919922,0.515938401222229,16.867546081543,24.0161285400391,45.2412109375,1.14520072937012,0.34015816450119,1.33061099052429,-0.339064359664917,0.227946802973747,0.312089443206787,0.0557354092597961,0.567848801612854,386,-77.925234,42.945401
6.0338830947876,0.647019505500793,20.3572807312012,18.8709526062012,53.6228103637695,1.12781667709351,0.419020801782608,1.3043292760849,-0.419766783714294,0.287998378276825,0.295597940683365,0.064156249165535,0.574408769607544,387,-78.369333,42.939017
6.0338830947876,0.647019505500793,20.3572807312012,18.8709526062012,53.6228103637695,1.12781667709351,0.419020801782608,1.3043292760849,-0.419766783714294,0.287998378276825,0.295597940683365,0.064156249165535,0.574408769607544,388,-78.369333,42.93905
6.01274728775024,0.523341476917267,14.021484375,28.3785209655762,44.6808395385742,1.21963906288147,0.280161470174789,1.34969508647919,-0.29326194524765,0.369897305965424,0.327714085578918,0.0555145628750324,0.539758861064911,389,-78.163,42.95895
5.87398433685303,0.507385194301605,13.7587890625,32.1897583007812,40.3830413818359,1.1800000667572,0.259574919939041,1.35845983028412,-0.253099411725998,0.433095932006836,0.332491189241409,0.0528964176774025,0.554717004299164,390,-78.163933,42.96455
5.62167644500732,0.466112226247787,12.70703125,32.2414627075195,39.3212890625,1.16341805458069,0.304291307926178,1.35368657112122,-0.290790259838104,0.335731714963913,0.329078555107117,0.0531025156378746,0.560974359512329,391,-77.925703,42.97391
6.07297849655151,0.517763674259186,15.1103515625,19.7193908691406,54.5332336425781,1.24076473712921,0.349608987569809,1.34037518501282,-0.354538381099701,0.300300002098083,0.317981392145157,0.0545986369252205,0.531786918640137,392,-78.255317,43.3387
5.85712814331055,0.488642573356628,12.891773223877,33.6833343505859,45.3357772827148,1.28628039360046,0.29731097817421,1.35590171813965,-0.293671846389771,0.295041859149933,0.328235596418381,0.0538597889244556,0.514611124992371,393,-78.259298,43.337956
6.00130367279053,0.42268031835556,4.02631568908691,77.1598281860352,14.3039035797119,1.30390620231628,0.136918932199478,1.42730498313904,-0.136285439133644,0.556281507015228,0.381960421800613,0.0343320332467556,0.507959961891174,394,-78.3654,43.316817
5.98285865783691,0.543419480323792,16.0508804321289,23.6625843048096,46.8310470581055,1.22742199897766,0.282896041870117,1.33981943130493,-0.28283479809761,0.297523200511932,0.318879663944244,0.0552322641015053,0.536821961402893,395,-78.325,43.320167
6.15082597732544,0.510943293571472,16.3701171875,22.6325550079346,48.8124389648438,1.17268741130829,0.266335308551788,1.34779262542725,-0.266459137201309,0.43155774474144,0.316776484251022,0.0528599172830582,0.557476460933685,396,-78.325,43.320833
5.92391586303711,0.515917956829071,13.4103317260742,37.7729949951172,35.3096618652344,1.28201174736023,0.275951325893402,1.34828042984009,-0.261832356452942,0.304301887750626,0.323719948530197,0.0542414784431458,0.51622200012207,397,-78.288517,43.322767
5.97709655761719,0.503195106983185,14.8137836456299,31.1905689239502,43.6197662353516,1.24475121498108,0.257403403520584,1.35277366638184,-0.261403530836105,0.211029350757599,0.32488551735878,0.05567766726017,0.530282557010651,398,-78.29595,43.3388
5.92391586303711,0.515917956829071,13.4103317260742,37.7729949951172,35.3096618652344,1.28201174736023,0.275951325893402,1.34828042984009,-0.261832356452942,0.304301887750626,0.323719948530197,0.0542414784431458,0.51622200012207,399,-78.288333,43.322767
6.35588693618774,0.569721400737762,20.24609375,17.6002922058105,50.5196304321289,1.17366826534271,0.410774350166321,1.30527353286743,-0.403108477592468,0.330147624015808,0.295846700668335,0.0649620965123177,0.557106375694275,400,-78.14955,42.903617
5.95318126678467,0.572724580764771,16.8010749816895,22.6892166137695,51.7242889404297,1.18773651123047,0.36766254901886,1.32736814022064,-0.364609360694885,0.333265841007233,0.308140337467194,0.0582870990037918,0.55179750919342,401,-78.16335,42.904733
5.7934398651123,0.513611912727356,13.0230159759521,30.8898639678955,43.4259986877441,1.18469142913818,0.31232562661171,1.34895932674408,-0.307326138019562,0.352807551622391,0.326166659593582,0.0541511625051498,0.552946627140045,404,-78.348317,43.038933
6.28915357589722,0.51532256603241,14.587890625,29.6017608642578,45.1803512573242,1.17187690734863,0.313396334648132,1.34693908691406,-0.31142857670784,0.283858001232147,0.324758529663086,0.0543802119791508,0.557782292366028,405,-77.969433,42.929367
5.78021049499512,0.450175434350967,13.3873653411865,31.0019435882568,37.9970626831055,1.17697358131409,0.309665530920029,1.34957146644592,-0.297686278820038,0.242358312010765,0.321597546339035,0.0542410090565681,0.555859088897705,406,-78.1717,43.098067
6.1930456161499,0.54505854845047,18.385326385498,21.779182434082,46.9066162109375,1.15901470184326,0.308671474456787,1.32807624340057,-0.302932560443878,0.193370819091797,0.309249997138977,0.0556715279817581,0.562636017799377,407,-78.182633,43.09475
5.78021049499512,0.450175434350967,13.3873653411865,31.0019435882568,37.9970626831055,1.17697358131409,0.309665530920029,1.34957146644592,-0.297686278820038,0.242358312010765,0.321597546339035,0.0542410090565681,0.555859088897705,408,-78.171717,43.098133
6.1930456161499,0.54505854845047,18.385326385498,21.779182434082,46.9066162109375,1.15901470184326,0.308671474456787,1.32807624340057,-0.302932560443878,0.193370819091797,0.309249997138977,0.0556715279817581,0.562636017799377,409,-78.182633,43.094733
5.88248872756958,0.46262925863266,11.0603113174438,44.608268737793,35.3730316162109,1.29804694652557,0.210229083895683,1.38458609580994,-0.211445301771164,0.411494672298431,0.342082440853119,0.0504245385527611,0.510170996189117,410,-78.355183,43.31265
5.78797054290771,0.466003894805908,8.63921642303467,55.8479995727539,25.552734375,1.35803890228271,0.231661736965179,1.38774490356445,-0.231629267334938,0.526245594024658,0.344450205564499,0.0495273433625698,0.487532466650009,411,-78.355293,43.316943
6.25072526931763,0.532287776470184,4.6533203125,76.5762481689453,15.9744596481323,1.31109488010406,0.172788023948669,1.4188232421875,-0.170754164457321,0.272433221340179,0.37116014957428,0.036987341940403,0.505247235298157,412,-78.39595,43.305183
6.15140247344971,0.552434086799622,19.7570877075195,14.6007823944092,55.4509315490723,1.17175269126892,0.376231670379639,1.31613421440125,-0.376640617847443,0.264081746339798,0.301121473312378,0.0572085343301296,0.557829201221466,413,-78.016167,43.362083
6.26605129241943,0.560697555541992,22.2335929870605,14.7782096862793,53.2170944213867,1.16349518299103,0.377588391304016,1.30712890625,-0.377614855766296,0.202815502882004,0.296482384204865,0.0613567270338535,0.560945272445679,414,-78.016167,43.3626
5.94900321960449,0.532629311084747,12.9897155761719,31.2544021606445,47.7777252197266,1.17330718040466,0.305066764354706,1.3533935546875,-0.304868549108505,0.362699329853058,0.329157561063766,0.052622564136982,0.557242572307587,415,-78.349733,43.024633
6.39210939407349,0.542668282985687,15.6484375,25.1784324645996,46.7573394775391,1.12119996547699,0.311323046684265,1.3388888835907,-0.310350179672241,0.311054944992065,0.318910747766495,0.0553203895688057,0.576905608177185,416,-78.3706,43.0329
6.08304119110107,0.97913259267807,14.6937379837036,21.4220275878906,51.3333358764648,1.17675113677979,0.409946382045746,1.32762718200684,-0.403600752353668,0.428728967905045,0.309149116277695,0.0554669238626957,0.555942893028259,417,-78.370833,43.034633
6.45497560501099,0.732343792915344,20.8804874420166,19.1295204162598,53.4921569824219,1.06294810771942,0.451265811920166,1.29887914657593,-0.44921875,0.251979768276215,0.292220592498779,0.066167801618576,0.598887503147125,418,-78.1715,43.096317
5.80200004577637,0.481041014194489,4.0087890625,76.0443878173828,11.314022064209,1.2877345085144,0.127149522304535,1.42429065704346,-0.126223087310791,1.13430285453796,0.368426978588104,0.0364516116678715,0.514062523841858,419,-77.9656,43.31
6.10815668106079,0.536124169826508,17.085033416748,16.249755859375,54.3403511047363,1.22992205619812,0.379616737365723,1.32228469848633,-0.3740234375,0.261609733104706,0.307158827781677,0.0562330111861229,0.535878539085388,420,-77.9656,43.34736
6.12305545806885,0.536248803138733,17.0619506835938,15.6546688079834,57.7336921691895,1.21154761314392,0.391418397426605,1.32396149635315,-0.385892659425735,0.278939664363861,0.308332860469818,0.056353397667408,0.542812287807465,421,-77.96561,43.34693
6.13073825836182,0.520951211452484,14.4113063812256,28.9406604766846,44.2719268798828,1.15471053123474,0.304357677698135,1.34615015983582,-0.29984375834465,0.309702217578888,0.325321733951569,0.0554197281599045,0.564260244369507,422,-77.96538,42.92133
6.30637645721436,0.544034123420715,7.07673501968384,65.1530227661133,13.8483362197876,1.28738534450531,0.146580547094345,1.39431822299957,-0.144731193780899,0.595539808273315,0.355550765991211,0.0449422150850296,0.514194190502167,423,-77.96575,43.34928
5.85934257507324,0.517558574676514,12.6947174072266,33.6831550598145,41.2201538085938,1.25711631774902,0.268082648515701,1.37089037895203,-0.260272890329361,0.234165668487549,0.332587957382202,0.0542607009410858,0.525616526603699,424,-77.97382,43.35019
6.30637645721436,0.544034123420715,7.07673501968384,65.1530227661133,13.8483362197876,1.28738534450531,0.146580547094345,1.39431822299957,-0.144731193780899,0.595539808273315,0.355550765991211,0.0449422150850296,0.514194190502167,425,-77.98608,43.35024
6.0749568939209,0.547072350978851,15.5292682647705,19.6392402648926,51.4459686279297,1.22557508945465,0.357137233018875,1.33090817928314,-0.348858535289764,0.365665882825851,0.312315762042999,0.054891049861908,0.537518858909607,426,-77.98613,43.34992
6.11681270599365,0.529282927513123,17.2260284423828,22.0828456878662,47.6550521850586,1.22111105918884,0.317199528217316,1.33547353744507,-0.311902463436127,0.245775356888771,0.313639938831329,0.0571231842041016,0.539203405380249,427,-77.99418,43.34203
6.12203073501587,0.493154317140579,16.166015625,26.8248291015625,44.4079360961914,1.17519533634186,0.326240837574005,1.33803606033325,-0.330418705940247,0.217313632369041,0.316843748092651,0.0545447468757629,0.556530117988586,428,-77.9237,42.94575
6.17098426818848,0.544355511665344,20.9970760345459,18.6291580200195,49.0127182006836,1.09722650051117,0.34092903137207,1.31669509410858,-0.340000003576279,0.13427323102951,0.303611785173416,0.0589290596544743,0.58595222234726,429,-77.91998,42.95515
5.99544286727905,0.485380113124847,13.2697563171387,32.1530609130859,41.6480026245117,1.16263473033905,0.297960191965103,1.35507822036743,-0.29239022731781,0.295129001140594,0.330166667699814,0.0528543666005135,0.56126993894577,430,-77.96554,42.93833
5.85712814331055,0.399477034807205,7.73039245605469,61.2933731079102,22.6212120056152,1.32497560977936,0.143529832363129,1.41445684432983,-0.134882807731628,0.6368488073349,0.367639899253845,0.0457106530666351,0.50000923871994,431,-78.40474,43.29837
6.1092677116394,0.480835795402527,4.35365867614746,77.117790222168,15.1865234375,1.30669593811035,0.16002357006073,1.41961145401001,-0.15680705010891,0.432046115398407,0.374895513057709,0.0359591841697693,0.506907224655151,432,-78.40396,43.29257
5.8652777671814,0.477482885122299,13.209677696228,30.9907150268555,41.4375,1.21644473075867,0.306155562400818,1.34455573558807,-0.313619494438171,0.386752665042877,0.323071420192719,0.0549582913517952,0.540964245796204,433,-78.2507,43.01381
5.8652777671814,0.477482885122299,13.209677696228,30.9907150268555,41.4375,1.21644473075867,0.306155562400818,1.34455573558807,-0.313619494438171,0.386752665042877,0.323071420192719,0.0549582913517952,0.540964245796204,434,-78.2507,43.01364
5.78546905517578,0.437919914722443,12.6197242736816,38.6442604064941,35.9176483154297,1.23427724838257,0.197600156068802,1.38330459594727,-0.193906247615814,0.322226703166962,0.340433597564697,0.0513760931789875,0.534235000610352,435,-77.78917,42.9182
6.18480968475342,0.558088958263397,16.4775390625,23.3466796875,44.6978569030762,1.12980365753174,0.281248599290848,1.33693897724152,-0.27212119102478,0.260327607393265,0.316967129707336,0.0547177493572235,0.57365894317627,436,-77.80389,42.91885
6.28344583511353,0.591164410114288,20.441291809082,16.2341156005859,51.5957984924316,1.12621569633484,0.374707072973251,1.30995845794678,-0.36722657084465,0.247512683272362,0.296850860118866,0.0625953301787376,0.575012981891632,437,-78.063367,43.00675
6.28344583511353,0.591164410114288,20.441291809082,16.2341156005859,51.5957984924316,1.12621569633484,0.374707072973251,1.30995845794678,-0.36722657084465,0.247512683272362,0.296850860118866,0.0625953301787376,0.575012981891632,438,-78.063367,43.00675
6.25072526931763,0.532287776470184,4.6533203125,76.5762481689453,15.9744596481323,1.31109488010406,0.172788023948669,1.4188232421875,-0.170754164457321,0.272433221340179,0.37116014957428,0.036987341940403,0.505247235298157,439,-78.396017,43.305183
6.25072526931763,0.532287776470184,4.6533203125,76.5762481689453,15.9744596481323,1.31109488010406,0.172788023948669,1.4188232421875,-0.170754164457321,0.272433221340179,0.37116014957428,0.036987341940403,0.505247235298157,440,-78.396017,43.305183
